Rk,Player,Pos,Age,Tm,G,MP,PER,TS_perc,3PAr,FTr,ORB_perc,DRB_perc,TRB_perc,AST_perc,STL_perc,BLK_perc,TOV_perc,USG_perc,OWS,DWS,WS,WS_per_48,OBPM,DBPM,BPM,VORP,Player?-additional
1,Precious Achiuwa,C,23,TOR,35,827,15.6,0.555,0.261,0.338,9.6,23.7,16.1,6.3,1.4,2.8,11.1,19.1,0.7,0.9,1.7,0.097,-1.3,-1,-2.3,-0.1,achiupr01
2,Steven Adams,C,29,MEM,42,1133,17.6,0.564,0.004,0.49,19.9,25,22.5,11.2,1.5,3.6,19.8,14.4,1.3,2.1,3.4,0.145,-0.3,0.9,0.6,0.8,adamsst01
3,Bam Adebayo,C,25,MIA,54,1909,21.2,0.594,0.013,0.356,8.4,25.1,16.3,16.4,1.7,2.4,12.2,25.8,3,3.2,6.2,0.156,1.3,1,2.3,2.1,adebaba01
4,Ochai Agbaji,SG,22,UTA,37,557,8.7,0.617,0.6,0.123,4.8,7.4,6.1,4.2,0.4,0.6,7.4,11.2,0.7,0.1,0.8,0.069,-1.5,-1.4,-2.9,-0.1,agbajoc01
5,Santi Aldama,PF,22,MEM,54,1194,14.8,0.604,0.528,0.27,4.9,17.4,11.2,7.4,1.5,2.9,8.6,16,1.8,1.9,3.7,0.148,0.3,1.2,1.5,1,aldamsa01
6,Nickeil Alexander-Walker,SG,24,TOT,38,534,13.1,0.608,0.506,0.227,1.7,10.6,6.2,19.8,2.2,2.2,19.6,18.5,0.3,0.5,0.8,0.072,-0.6,1,0.4,0.3,alexani01
7,Grayson Allen,SG,27,MIL,54,1491,12.6,0.618,0.636,0.252,3.3,9.3,6.4,11.8,1.4,0.6,11.4,14.6,2.3,1.8,4.1,0.13,-0.5,0.7,0.2,0.8,allengr01
8,Jarrett Allen,C,24,CLE,54,1798,20,0.677,0.016,0.355,11.5,23.4,17.5,7.6,1.2,3.4,12.1,16.6,4.4,3.3,7.7,0.206,1.3,1.1,2.4,2,allenja01
9,Jose Alvarado,PG,24,NOP,58,1264,11.8,0.525,0.509,0.17,2.3,9.9,6.1,19.9,2.4,0.7,13.7,19.7,0.2,1.5,1.7,0.064,-1.9,0.5,-1.4,0.2,alvarjo01
10,Kyle Anderson,PF,29,MIN,48,1253,14.7,0.596,0.227,0.347,3.4,16.6,10.1,20.3,2.2,2.9,16,14,1.6,1.7,3.3,0.127,0,2.4,2.4,1.4,anderky01
11,Giannis Antetokounmpo,PF,28,MIL,47,1554,28.4,0.595,0.143,0.617,7.5,30,19.1,31.4,1.1,2,13,39,3.5,2.9,6.4,0.197,5.4,2.5,7.9,3.9,antetgi01
12,Thanasis Antetokounmpo,SF,30,MIL,25,101,1.2,0.266,0.211,0.421,8.5,16.9,12.9,4.8,1,2.4,23.7,12.3,-0.3,0.1,-0.1,-0.066,-9.6,-1,-10.5,-0.2,antetth01
13,Cole Anthony,PG,22,ORL,39,977,15.8,0.559,0.343,0.303,2.7,18.1,10.4,24.7,1.1,2.4,12.2,21.2,1.2,1,2.2,0.111,0.6,0.7,1.3,0.8,anthoco01
14,OG Anunoby,SF,25,TOR,45,1611,14.4,0.562,0.381,0.217,4.5,13.7,8.7,8.3,2.8,2.1,12.7,20.4,0.6,1.9,2.6,0.076,-0.8,0.6,-0.2,0.7,anunoog01
15,Ryan Arcidiacono,PG,28,TOT,13,35,-0.2,0.25,0.667,0,0,12.4,6.2,7.1,2.8,0,25,9.8,-0.1,0,-0.1,-0.08,-10.3,1,-9.2,-0.1,arcidry01
16,Deni Avdija,SF,22,WAS,56,1472,11.5,0.536,0.406,0.298,4.7,20.9,13.2,12.8,1.7,1.5,14.6,16.4,0.3,1.8,2.1,0.069,-2.6,0.7,-2,0,avdijde01
17,Deandre Ayton,C,24,PHO,51,1540,21.2,0.62,0.033,0.227,10.1,27.5,18.6,11.4,0.9,2.1,11.3,24.1,2.8,2.2,5,0.157,1.8,-0.1,1.7,1.4,aytonde01
18,Udoka Azubuike,C,23,UTA,24,137,16.4,0.826,0,0.25,10.5,29.3,20,6,1.1,3.6,27.3,11.2,0.2,0.2,0.4,0.125,-0.8,0.7,-0.1,0.1,azubuud01
19,Marvin Bagley III,C,23,DET,25,532,17.5,0.592,0.164,0.259,10.5,20.7,15.5,4.3,1.2,3,8.9,19.6,0.8,0.4,1.1,0.103,0.1,-1,-0.9,0.1,baglema01
20,Patrick Baldwin Jr.,SF,20,GSW,16,129,14.5,0.619,0.79,0.097,0,17.8,9,3.4,2.2,0.7,9.8,23.3,0,0.2,0.2,0.056,1.8,-0.9,1,0.1,baldwpa01
21,LaMelo Ball,PG,21,CHO,33,1167,18,0.536,0.525,0.166,3.4,15.9,9.4,37.7,1.8,0.8,13.7,29.7,0.7,0.9,1.6,0.068,3.1,-1.1,1.9,1.2,ballla01
22,Mo Bamba,C,24,TOT,41,697,16.2,0.602,0.511,0.24,7.9,23.1,15.5,9.1,0.8,5.6,8.6,16.6,1.1,0.9,2.1,0.143,0.2,0.8,1,0.5,bambamo01
23,Paolo Banchero,PF,20,ORL,52,1754,15,0.527,0.269,0.487,4,18.4,11.2,16.7,1.4,1.4,12.6,27.7,-0.1,1.8,1.7,0.048,-0.7,-0.8,-1.5,0.2,banchpa01
24,Desmond Bane,SG,24,MEM,35,1093,19.2,0.603,0.439,0.235,2.2,14.2,8.2,20.2,1.5,1.1,11,26.3,2.1,1.5,3.6,0.159,3.5,0.3,3.9,1.6,banede01
25,Dalano Banton,PG,23,TOR,26,246,14.3,0.503,0.414,0.171,3.9,13,8.1,17.6,2.4,4.8,11.2,23.2,0,0.3,0.3,0.059,-1.5,0.6,-0.9,0.1,bantoda01
26,Dominick Barlow,SF,19,SAS,10,95,13.1,0.595,0.16,0.4,14.6,12.2,13.4,9.8,1,1.7,16.9,15.4,0.1,0,0.2,0.081,-3.1,-1.5,-4.5,-0.1,barlodo01
27,Harrison Barnes,PF,30,SAC,57,1861,13.9,0.628,0.46,0.507,3.4,12.6,8.1,6.4,1.1,0.3,8.8,17.1,3.2,1.2,4.4,0.113,0.3,-1.3,-1,0.5,barneha02
28,Scottie Barnes,PF,21,TOR,56,1971,16,0.531,0.234,0.257,7.2,16.6,11.5,20.1,1.4,2.4,12.2,20.2,2,1.8,3.8,0.094,0.9,-0.3,0.6,1.3,barnesc01
29,RJ Barrett,SG,22,NYK,53,1829,12.9,0.529,0.337,0.33,2.8,13.6,8.2,12.4,0.7,0.4,10.7,25.9,0.4,1.3,1.8,0.047,-1.1,-1.9,-3,-0.4,barrerj01
30,Will Barton,SG,32,WAS,40,782,10.1,0.505,0.482,0.158,1.5,13.7,7.9,16.6,1.1,1.1,12.9,19.4,-0.3,0.6,0.3,0.02,-1.6,-0.9,-2.5,-0.1,bartowi01
31,Charles Bassey,C,22,SAS,26,354,17.5,0.64,0.072,0.337,16.5,29.1,22.5,12.1,1.2,5.6,23.9,14.7,0.4,0.4,0.8,0.107,-1.3,0.9,-0.4,0.1,bassech01
32,Keita Bates-Diop,SF,27,SAS,45,904,13.1,0.575,0.257,0.261,5.3,13.4,9.2,7.7,1.6,1.1,10,16.1,0.8,0.3,1.1,0.059,-0.9,-1.1,-2,0,bateske01
33,Nicolas Batum,PF,34,LAC,57,1238,10.8,0.573,0.812,0.148,4.5,17,10.8,9.1,1.4,2.9,11.4,11.8,1,1.5,2.5,0.098,-1.2,1.4,0.3,0.7,batumni01
34,Darius Bazley,PF,22,OKC,36,555,13,0.525,0.285,0.411,5.5,18.3,11.8,7.5,1.6,4.8,10.5,15.7,0.2,0.8,0.9,0.081,-1.7,0.7,-0.9,0.1,bazleda01
35,Bradley Beal,SG,29,WAS,36,1183,20.8,0.613,0.276,0.26,2.9,8.7,5.9,26,1.3,1.6,12.7,28.5,2.1,0.9,3.1,0.124,3.7,-1.2,2.5,1.4,bealbr01
36,Malik Beasley,SG,26,TOT,58,1533,11.6,0.533,0.706,0.063,1.9,12.5,7.3,9,1.5,0.4,8.1,21.5,0.3,1,1.2,0.039,-0.4,-1.3,-1.6,0.2,beaslma01
37,MarJon Beauchamp,SF,22,MIL,38,563,8.5,0.512,0.587,0.144,6.5,10,8.3,6.4,1.5,0.6,14.4,18.6,-0.3,0.7,0.4,0.033,-4,-0.5,-4.5,-0.4,beaucma01
38,D?vis Bert?ns,PF,30,DAL,34,360,9.9,0.606,0.874,0.108,1.9,8.7,5.2,4.9,1,0.8,7.2,15.8,0.3,0.2,0.5,0.066,-1,-1.8,-2.8,-0.1,bertada01
39,Patrick Beverley,PG,34,LAL,45,1211,8.4,0.548,0.656,0.207,2.2,9.9,6.2,12,1.6,1.7,13.8,10.6,0.5,1.1,1.6,0.064,-3.3,1.2,-2,0,beverpa01
40,Saddiq Bey,SF,23,TOT,54,1539,14.3,0.552,0.483,0.339,4.3,14.1,9.1,8.4,1.6,0.7,7.3,21.1,1.6,0.7,2.3,0.071,0.5,-1.3,-0.8,0.5,beysa01
41,Khem Birch,C,30,TOR,20,162,9.5,0.629,0.063,0.156,5.2,12.9,8.8,5.8,1.5,3,19,11.1,0.1,0.1,0.2,0.069,-4.5,0.9,-3.6,-0.1,birchkh01
42,Goga Bitadze,C,23,IND,21,202,14,0.551,0.269,0.462,13.6,13.1,13.4,12.4,2.1,4.4,16.1,15.5,0.2,0.2,0.4,0.094,-2.3,1.3,-1.1,0,bitadgo01
43,Bismack Biyombo,C,30,PHO,46,642,12.4,0.542,0,0.37,8.6,24.2,16.2,9.1,1.1,8.2,21.1,13.5,-0.2,1.2,1,0.074,-4.5,2.8,-1.8,0,biyombi01
44,Buddy Boeheim,PG,23,DET,1,1,0,,,,0,0,0,0,0,0,,0,0,0,0,-0.02,-8.1,-1.9,-10,0,boehebu01
45,Bogdan Bogdanovi?,SG,30,ATL,34,1015,13.2,0.552,0.568,0.11,1.5,10.8,6.1,13.9,1.4,0.9,8.2,20.3,0.7,0.8,1.5,0.069,0.1,-0.8,-0.7,0.3,bogdabo01
46,Bojan Bogdanovi?,PF,33,DET,56,1796,17.8,0.631,0.399,0.356,2,11,6.3,13.5,0.9,0.3,11.6,25.8,3.3,0.3,3.6,0.095,2.8,-1.9,0.9,1.3,bogdabo02
47,Bol Bol,PF,23,ORL,54,1251,15.7,0.638,0.207,0.229,5.6,25.1,15.4,5.7,0.9,5.6,18.2,18.7,0.4,1.8,2.2,0.084,-1,0.7,-0.3,0.5,bolbo01
48,Leandro Bolmaro,SG,22,UTA,14,68,-5,0.15,0.2,0,6.5,4.8,5.6,12.4,2.1,1.2,25.9,16.7,-0.4,0,-0.3,-0.233,-12.5,-2.4,-14.9,-0.2,bolmale01
49,Devin Booker,SG,26,PHO,33,1117,21.3,0.583,0.308,0.31,2.3,12.9,7.5,28.3,1.3,1,9.8,31.9,2.3,1.1,3.4,0.146,4.1,-0.5,3.6,1.6,bookede01
50,Brandon Boston Jr.,SG,21,LAC,21,247,13.7,0.519,0.24,0.314,3.2,9.9,6.5,12.2,1.8,0,8,26.5,0,0.2,0.2,0.049,-1.5,-0.6,-2.1,0,bostobr01
51,Chris Boucher,PF,30,TOR,53,1102,18.7,0.587,0.352,0.36,11.3,21.4,16,3,1.7,4,5.5,18.1,2.4,1.3,3.7,0.162,1.1,-0.8,0.2,0.6,bouchch01
52,James Bouknight,SG,22,CHO,26,354,5.6,0.421,0.525,0.18,1.4,14.3,7.6,10.5,1.7,1,12.6,17.7,-0.6,0.3,-0.4,-0.051,-6.2,-0.4,-6.6,-0.4,bouknja01
53,Jamaree Bouyea,PG,23,MIA,4,65,7.8,0.54,0.385,0.154,1.7,7.5,4.5,8.6,3.1,3.2,22.4,12.1,-0.1,0.1,0.1,0.037,-4.9,2,-3,0,bouyeja01
54,Tony Bradley,C,25,CHI,12,33,21.6,0.69,0.417,0.333,3.4,33.5,18.7,4.4,1.5,2.9,6.8,19.6,0.1,0.1,0.1,0.216,4.3,0.4,4.7,0.1,bradlto01
55,Malaki Branham,SF,19,SAS,45,989,9.7,0.536,0.456,0.124,1.6,9.5,5.4,12.1,1.2,0.5,11,17.9,0.1,0.1,0.1,0.006,-2.6,-2,-4.6,-0.6,branhma01
56,Christian Braun,SG,21,DEN,54,834,9.8,0.564,0.32,0.191,5.3,12.3,8.9,6.3,1.5,1.2,10.2,12.2,0.5,0.8,1.3,0.077,-2.5,-0.2,-2.6,-0.1,braunch01
57,Mikal Bridges,SF,26,TOT,59,2139,15.5,0.58,0.338,0.232,3.2,10.6,6.8,14.3,1.6,2,8.7,19.7,3.1,2.3,5.5,0.123,0.8,0.6,1.4,1.8,bridgmi01
58,Oshae Brissett,SF,24,IND,49,786,10.5,0.524,0.534,0.402,6.2,17.1,11.6,4.4,1.7,0.9,7.5,14.8,0.3,0.7,1,0.062,-1.9,-0.5,-2.4,-0.1,brissos01
59,Malcolm Brogdon,PG,30,BOS,50,1264,18.4,0.622,0.42,0.265,3,14.9,9,22.4,1.2,0.9,12.2,23.3,2.7,1.5,4.2,0.158,2.6,0.2,2.8,1.5,brogdma01
60,Dillon Brooks,SF,27,MEM,52,1585,9,0.483,0.406,0.159,2.1,9.2,5.6,11.8,1.3,0.6,9.1,22.6,-0.8,1.7,0.9,0.028,-3.9,-0.6,-4.5,-1,brookdi01
61,Bruce Brown,SG,26,DEN,58,1670,13.1,0.583,0.386,0.169,2.9,12.4,7.8,16.7,1.8,1.9,14.6,17,1.3,1.8,3.2,0.091,-0.9,0.5,-0.4,0.7,brownbr01
62,Greg Brown III,PF,21,POR,16,93,5.9,0.421,0.25,0.429,2.5,21,11.9,4.4,2.1,4.8,15.3,18.4,-0.2,0.1,-0.1,-0.061,-8.3,0.1,-8.2,-0.1,browngr01
63,Jaylen Brown,SF,26,BOS,48,1707,19.2,0.585,0.377,0.27,3.7,17.7,10.8,15.6,1.5,1.1,11.8,31.6,1.2,2.3,3.5,0.099,1.6,-0.4,1.3,1.4,brownja02
64,Kendall Brown,SG,19,IND,6,40,9.2,0.571,0.143,0.286,5.5,11,8.3,10,4.8,0,20.2,10.3,0,0.1,0.1,0.078,-7,4.1,-2.9,0,brownke03
65,Moses Brown,C,23,LAC,34,288,23.1,0.607,0,0.75,22.2,31.6,26.9,2.2,0.5,4.4,9.9,21.5,0.7,0.5,1.1,0.191,1,-1.2,-0.3,0.1,brownmo01
66,Sterling Brown,SG,27,LAL,4,24,7,0,0.5,0,13.8,21.6,17.8,9.4,5.9,0,0,7,0,0.1,0,0.033,-8.4,5.1,-3.4,0,brownst02
67,Troy Brown Jr.,SF,23,LAL,53,1279,9.6,0.562,0.575,0.084,4.1,14.4,9.4,5.7,1.4,0.5,10,12.2,0.6,1.2,1.7,0.065,-2.1,0.4,-1.7,0.1,browntr01
68,Jalen Brunson,PG,26,NYK,56,1966,21.4,0.592,0.261,0.332,2,9.2,5.6,29.2,1.3,0.7,9.1,27.2,5.8,1.5,7.3,0.178,4.5,-0.4,4.1,3,brunsja01
69,Thomas Bryant,C,25,TOT,44,906,21.5,0.71,0.163,0.362,8.6,24.8,16.9,4.8,0.7,2.1,7.4,18.2,2.8,1.1,3.9,0.206,2.2,-0.5,1.8,0.9,bryanth01
70,Reggie Bullock,SF,31,DAL,58,1764,7.4,0.56,0.843,0.104,1.8,11.8,6.7,6.2,1.3,0.7,7.1,9.8,0.9,1.2,2.1,0.056,-2.4,0,-2.5,-0.2,bullore01
71,Alec Burks,SG,31,DET,46,1015,16.4,0.605,0.505,0.406,1.8,13.3,7.4,15.4,1.6,0.5,9.8,22.7,1.8,0.4,2.2,0.104,1.7,-0.8,0.9,0.7,burksal01
72,Deonte Burton,SG,29,SAC,2,6,-12.6,0,0.5,0,0,0,0,0,0,0,0,14.3,0,0,0,-0.347,-14.8,-10,-24.8,0,burtode02
73,Jimmy Butler,SF,33,MIA,44,1482,25.4,0.613,0.122,0.56,7.2,13.6,10.3,25.3,3,1.1,8.7,25.4,5.1,2.4,7.5,0.242,5.3,2.1,7.4,3.5,butleji01
74,John Butler,C,20,POR,8,26,3.3,0.25,0.75,0,4.5,4.4,4.5,4.8,0,6.8,0,6.7,0,0,0,-0.017,-5.7,-1.1,-6.8,0,butlejo01
75,Jamal Cain,SF,23,MIA,13,181,13.9,0.581,0.229,0.333,7.3,17.4,12.2,6.6,2.2,0,6.8,14.4,0.3,0.3,0.5,0.137,-2.2,1.5,-0.7,0.1,cainja01
76,Kentavious Caldwell-Pope,SG,29,DEN,56,1758,11.9,0.613,0.502,0.18,1.9,8.9,5.5,9.7,2.1,1.2,11.4,14.5,1.8,1.8,3.5,0.097,-1,0.3,-0.7,0.6,caldwke01
77,Facundo Campazzo,PG,31,DAL,8,52,8,0.36,0.846,0.154,0,4.6,2.3,23,5.8,0,17.8,14.7,-0.1,0.1,0,-0.007,-4.7,3.6,-1.1,0,campafa01
78,Vlatko ?an?ar,PF,25,DEN,44,705,12,0.634,0.486,0.141,3.4,13.6,8.7,12.1,1.2,1.4,13.2,13.9,0.9,0.7,1.6,0.109,-1,-0.1,-1.1,0.2,cancavl01
79,Clint Capela,C,28,ATL,43,1156,22,0.633,0.003,0.212,17,28.9,22.9,4.3,1.2,3.8,7.8,16.4,3.1,1.7,4.8,0.199,2,-0.3,1.7,1.1,capelca01
80,Vernon Carey Jr.,C,21,WAS,11,28,10.8,0.338,0,0.25,12.4,30.3,21.7,13.4,3.5,6,18.4,16.9,-0.1,0.1,0,0.02,-6.9,2.1,-4.8,0,careyve01
81,Jevon Carter,PG,27,MIL,58,1306,11.1,0.565,0.581,0.072,2.1,9.5,5.9,15.4,2.1,1.6,14,14.5,0.8,1.9,2.7,0.1,-2.1,1.9,-0.2,0.6,carteje01
82,Wendell Carter Jr.,C,23,ORL,39,1173,16.9,0.627,0.331,0.338,7.5,24.6,16.1,13.7,0.6,1.8,15.2,20.9,1.7,1.2,2.9,0.119,0.6,0,0.6,0.8,cartewe01
83,Alex Caruso,PG,28,CHI,49,1191,11.4,0.578,0.505,0.279,2.9,11.5,7.2,16.7,3.3,2.5,21.5,10.9,0.6,1.9,2.5,0.101,-2.5,3.6,1.1,0.9,carusal01
84,Julian Champagnie,SF,21,PHI,2,7,-3.8,0,0.5,0,0,0,0,0,7,0,0,12.7,0,0,0,-0.213,-12.2,-1.3,-13.5,0,champju02
85,Justin Champagnie,SF,21,TOR,3,11,29,1,0,0,9.6,33.5,20.7,15.5,0,0,0,11.6,0.1,0,0.1,0.33,6.2,1.7,7.9,0,champju01
86,Kennedy Chandler,PG,20,MEM,24,221,9.6,0.416,0.212,0.167,2.9,11.4,7.1,26.6,2.1,2,18.4,16.1,-0.2,0.3,0.1,0.026,-3.8,1.1,-2.8,0,chandke01
87,Max Christie,SG,19,LAL,35,498,7.4,0.573,0.602,0.155,1.5,13.9,7.9,4.8,0.8,1.2,10.6,10.4,0.1,0.4,0.5,0.051,-3.1,-0.2,-3.3,-0.2,chrisma02
88,Josh Christopher,SG,21,HOU,40,406,10.5,0.522,0.261,0.23,3,8.9,5.9,14.6,1.9,2.2,17.7,21.9,-0.4,0.2,-0.2,-0.019,-3.5,-1.3,-4.9,-0.3,chrisjo01
89,Brandon Clarke,PF,26,MEM,51,1020,20.4,0.689,0.018,0.403,8.6,20.7,14.7,9.1,1.5,3.2,12,17.7,2.6,1.8,4.4,0.206,0.9,1.8,2.8,1.2,clarkbr01
90,Jordan Clarkson,SG,30,UTA,58,1886,15.1,0.562,0.45,0.235,3.9,9.7,6.8,20.2,0.8,0.6,13.8,28,1.3,0.7,1.9,0.05,1.2,-2.5,-1.3,0.3,clarkjo01
91,Nic Claxton,C,23,BRK,54,1592,21.2,0.699,0.005,0.427,10.2,24.1,17.5,8.1,1.2,7.6,12.2,15.8,3.8,2.7,6.6,0.198,1,1.8,2.8,1.9,claxtni01
92,Amir Coffey,SG,25,LAC,40,570,7.6,0.502,0.272,0.404,3.1,6.8,5,11.6,0.6,0.5,9.6,13.6,0.2,0.3,0.6,0.048,-4.3,-0.5,-4.8,-0.4,coffeam01
93,John Collins,PF,25,ATL,50,1555,13.7,0.582,0.314,0.25,3.9,21,12.3,5.4,1,3.4,9.4,17.1,1.3,1.8,3.1,0.095,-1.9,0.5,-1.3,0.3,collijo01
94,Zach Collins,C,25,SAS,48,1016,15.6,0.612,0.233,0.303,9,22.4,15.4,17.6,1,2.4,19,19.8,1,0.5,1.5,0.072,-1.1,-0.1,-1.2,0.2,colliza01
95,Mike Conley,PG,35,TOT,46,1368,13.8,0.548,0.571,0.253,1.5,7.5,4.5,33.5,1.7,0.6,15.2,15.9,2.4,0.8,3.2,0.111,0.5,-0.5,0,0.7,conlemi01
96,Pat Connaughton,SG,30,MIL,41,1043,10.5,0.536,0.764,0.089,3.6,16.7,10.4,6.8,1.4,0.4,7.1,14.2,0.6,1.4,2,0.092,-1.1,0.4,-0.7,0.3,connapa01
97,Robert Covington,PF,32,LAC,36,584,13.1,0.535,0.618,0.2,4.8,20.5,12.7,11,2.1,4.3,11.1,15.6,0.3,1,1.3,0.103,-1.3,2.4,1.1,0.5,covinro01
98,Torrey Craig,SF,32,PHO,57,1474,11.6,0.567,0.493,0.098,8.6,16.2,12.3,8.1,1.3,2.2,13,13.1,1.2,1.8,3,0.096,-1.3,0.4,-0.9,0.4,craigto01
99,Jarrett Culver,SG,23,ATL,10,137,9.6,0.452,0.279,0.302,7.8,22.4,15,5.6,2.1,1.3,12.6,17.2,-0.1,0.2,0,0.017,-4.8,0.6,-4.2,-0.1,culveja01
100,Cade Cunningham,PG,21,DET,12,400,14.2,0.492,0.272,0.192,3.2,17.8,10.3,30.6,1.2,1.5,13.8,29.9,-0.4,0.2,-0.2,-0.019,0,-0.7,-0.8,0.1,cunnica01
101,Seth Curry,SG,32,BRK,40,914,12.2,0.594,0.529,0.105,1.3,8,4.8,12.4,1.4,0.7,10.8,19.1,0.7,0.6,1.3,0.068,-1.1,-1.2,-2.3,-0.1,curryse01
102,Stephen Curry,PG,34,GSW,38,1313,24.8,0.665,0.577,0.274,1.9,18.2,10.2,30.6,1.3,1,12.7,30.8,4.1,1.3,5.4,0.199,7.9,0.4,8.3,3.4,curryst01
103,Dyson Daniels,PG,19,NOP,39,778,9.3,0.525,0.387,0.187,4,16,10,15.8,2.1,1.2,20.4,11.5,0.1,1,1.1,0.066,-3,1.6,-1.5,0.1,daniedy01
104,Anthony Davis,C,29,LAL,35,1168,28.4,0.628,0.085,0.417,10.8,28.1,19.7,12.7,1.7,5.1,9.3,28.8,3.4,2,5.4,0.224,4.6,1.7,6.3,2.4,davisan02
105,Johnny Davis,SG,20,WAS,13,62,2,0.414,0.222,0.167,1.9,12,7.1,4.2,0.8,1.4,9.4,14.9,-0.1,0,0,-0.038,-9.7,-1.4,-11.1,-0.1,davisjo06
106,Terence Davis,SG,25,SAC,44,607,14.7,0.579,0.646,0.117,3.3,16.9,10.2,13,2.8,1.5,12.3,21.8,0.3,0.8,1.1,0.086,-0.6,0.6,0.1,0.3,daviste02
107,JD Davison,PG,20,BOS,6,14,-2.1,0.25,0.375,0,0,15.4,7.8,10,3.5,0,11.1,28.1,-0.1,0,-0.1,-0.288,-16.4,-3,-19.3,-0.1,davisjd01
108,Darius Days,PF,23,HOU,3,23,21.6,0.631,0.818,0.182,4.7,23.8,14.2,7.2,0,4.2,0,21.3,0.1,0,0.1,0.205,6.6,-0.6,5.9,0,daysda01
109,Dewayne Dedmon,C,33,MIA,30,350,15.7,0.576,0.287,0.341,8.9,28.1,18,7.3,1,4.1,11.4,21.1,0.3,0.6,0.9,0.124,-2.5,0.6,-1.8,0,dedmode01
110,Matthew Dellavedova,PG,32,SAC,24,146,8.6,0.482,0.469,0.156,0.8,5.5,3.2,27.8,2,0,19,12.4,0.1,0.1,0.2,0.054,-2.7,-0.1,-2.8,0,dellama01
111,DeMar DeRozan,SF,33,CHI,53,1925,20.7,0.595,0.089,0.415,1.4,12.8,7.2,22.5,1.3,1.4,9.5,28.4,3.9,2,6,0.148,1.7,0,1.8,1.8,derozde01
112,Moussa Diabaté,PF,21,LAC,17,171,14.3,0.563,0.05,0.4,19,10.4,14.7,2.5,1.4,3.2,16.1,14.4,0.2,0.2,0.4,0.109,-1.6,-1.2,-2.7,0,diabamo01
113,Mamadi Diakite,PF,26,CLE,16,98,5.6,0.5,0.577,0,3.7,10.8,7.2,2.8,1,5.6,18.8,14.6,-0.1,0.2,0,0.008,-5.9,1.8,-4.1,-0.1,diakima01
114,Hamidou Diallo,SG,24,DET,50,841,16.1,0.607,0.06,0.425,6.2,16.2,11,9.1,2.6,1.5,14.2,21,0.6,0.7,1.3,0.073,-1.6,0.4,-1.3,0.1,diallha01
115,Gorgui Dieng,C,33,SAS,19,193,11.1,0.519,0.683,0.1,9.9,21,15.2,18.9,0.5,3,20.3,16.9,0,0.1,0.1,0.024,-2.5,-0.3,-2.8,0,dienggo01
116,Ousmane Dieng,SF,19,OKC,19,284,8.3,0.499,0.584,0.065,3,15.8,9.3,11.7,0.8,1.9,13.2,13.4,0,0.3,0.2,0.038,-3.3,-0.2,-3.5,-0.1,diengou01
117,Spencer Dinwiddie,PG,29,TOT,57,1946,16.4,0.596,0.491,0.31,1.2,9.9,5.5,24.1,1.2,0.7,10.3,22,3.8,1.2,4.9,0.122,2,-1,1,1.5,dinwisp01
118,Donte DiVincenzo,SG,26,GSW,48,1209,12.5,0.593,0.69,0.116,4,14.1,9.1,17.1,2.4,0.4,16.2,15,1.1,1.3,2.4,0.097,-0.9,1.2,0.4,0.7,divindo01
119,Luka Don?i?,PG,23,DAL,50,1826,30.2,0.614,0.353,0.499,2.9,26.1,14.3,44.5,2.1,1.2,11.9,38.3,6.3,2.4,8.6,0.226,8.2,1.9,10.1,5.5,doncilu01
120,Tyler Dorsey,SG,26,DAL,3,8,46.3,0.9,0.4,0,14.5,15.1,14.8,0,0,0,0,28.4,0.1,0,0.1,0.374,16.6,1.5,18.2,0,dorsety01
121,Luguentz Dort,SG,23,OKC,50,1494,12.1,0.535,0.457,0.298,4.8,10.1,7.4,10.1,1.7,0.8,9.3,20.1,0.9,1.3,2.3,0.073,-1.7,-0.7,-2.4,-0.1,dortlu01
122,Ayo Dosunmu,SG,23,CHI,57,1619,10.4,0.58,0.33,0.153,2.8,9.1,6,13.5,1.2,1.2,14.3,14.8,0.9,1.5,2.3,0.069,-2.7,0.2,-2.5,-0.2,dosunay01
123,Devon Dotson,PG,23,WAS,6,53,4.9,0.15,0.4,0,13.1,8,10.4,17.7,4.6,0,23.1,10.6,-0.1,0.1,0,-0.019,-7,1.9,-5.1,0,dotsode01
124,Jeff Dowtin,PG,25,TOR,15,102,11.1,0.494,0.222,0.111,5.2,10.8,7.8,15.9,1.4,1,9.6,13.1,0.1,0.1,0.1,0.068,-2.4,0.1,-2.3,0,dowtije01
125,PJ Dozier,SG,26,SAC,4,10,32.5,0.833,0.667,0,0,22.7,11.5,0,14.3,0,0,12.9,0,0,0.1,0.331,3.5,14.9,18.4,0.1,doziepj01
126,Goran Dragi?,PG,36,CHI,51,787,10.2,0.514,0.428,0.137,1.9,7.9,4.9,24.8,0.7,0.5,15,20.7,-0.2,0.5,0.3,0.02,-2.1,-1.8,-3.9,-0.4,dragigo01
127,Andre Drummond,C,29,CHI,46,595,21.5,0.623,0.01,0.444,18.5,39.1,29,6.6,2.5,2.5,18.3,21.3,0.8,1.3,2,0.165,-0.6,0.3,-0.3,0.2,drumman01
128,Chris Duarte,SF,25,IND,36,694,8.6,0.49,0.529,0.253,2.4,11.6,7,10.6,1.2,1,10.2,19.5,-0.4,0.4,0,0,-2.9,-1.5,-4.4,-0.4,duartch01
129,David Duke Jr.,SG,23,BRK,16,141,4.3,0.446,0.125,0.167,5.1,7,6.1,11.6,2.1,0.6,20.1,20.4,-0.4,0.1,-0.2,-0.078,-8.9,-1.2,-10.2,-0.3,dukeda01
130,Kevin Durant,PF,34,BRK,39,1403,26.5,0.673,0.257,0.39,1.2,19.3,10.6,25.1,1.1,3.5,13.7,31.7,4.2,1.7,5.9,0.201,5.9,1,7,3.2,duranke01
131,Jalen Duren,C,19,DET,51,1283,16.8,0.659,0.004,0.396,14.3,24.7,19.3,6.3,1.2,3.2,15.4,13.1,2.4,1.1,3.5,0.13,-0.3,-0.5,-0.8,0.4,durenja01
132,Tari Eason,PF,21,HOU,58,1124,15.7,0.522,0.259,0.227,12.4,18.7,15.5,7.5,2.6,2.9,11.4,20,0.6,1.2,1.8,0.077,-1.1,-0.2,-1.3,0.2,easonta01
133,Anthony Edwards,SG,21,MIN,61,2211,17.8,0.571,0.376,0.283,1.9,16.1,9.2,19.4,2.1,1.5,13.4,29.6,0.8,2.7,3.5,0.076,1.1,-0.1,1.1,1.7,edwaran01
134,Kessler Edwards,SF,22,TOT,15,89,2.6,0.29,0.52,0.08,8,11.1,9.6,5.3,1.6,1,13.4,15,-0.3,0.1,-0.2,-0.097,-6.1,-3,-9.1,-0.2,edwarke02
135,Keon Ellis,SG,23,SAC,9,36,22.7,0.839,0.8,0.3,9.7,12.6,11.2,11.5,2.7,2.4,8.1,14.7,0.2,0,0.2,0.274,6.5,1.7,8.2,0.1,elliske01
136,Joel Embiid,C,28,PHI,45,1571,30.6,0.646,0.153,0.564,6,27.9,17.1,22.3,1.6,4,12.1,37.2,5.3,2.8,8.1,0.246,6.3,2.1,8.4,4.1,embiijo01
137,Drew Eubanks,C,25,POR,56,1093,15.9,0.7,0.034,0.368,9.8,19.5,14.7,8.1,1.3,5.4,15.7,11.2,2.2,1.2,3.4,0.149,-0.6,1.2,0.6,0.7,eubandr01
138,Bruno Fernando,C,24,TOT,32,368,16.2,0.563,0.01,0.458,14.5,22,18.3,11.8,0.8,8.2,15.4,15.3,0.5,0.4,0.9,0.112,-2.8,1,-1.8,0,fernabr01
139,Dorian Finney-Smith,PF,29,TOT,44,1407,9.7,0.547,0.688,0.134,6.2,11.8,8.9,6.3,1.4,1.3,10.1,12.8,0.8,1,1.8,0.062,-1.2,-0.4,-1.6,0.2,finnedo01
140,Malachi Flynn,PG,24,TOR,42,582,9.2,0.486,0.558,0.102,2.7,10.3,6.2,14.7,1.4,0.5,8,16.4,0.2,0.4,0.5,0.045,-2.6,-0.8,-3.4,-0.2,flynnma01
141,Simone Fontecchio,SF,27,UTA,31,299,6.8,0.491,0.694,0.148,5.5,7.3,6.4,7.2,0.6,1.7,13.5,18.7,-0.2,0.1,-0.1,-0.017,-3.2,-2.4,-5.7,-0.3,fontesi01
142,Bryn Forbes,SG,29,MIN,25,268,6.3,0.497,0.554,0.181,1.7,4.5,3.1,8.2,1.2,0.7,11.8,16.2,-0.2,0.2,0,0,-4.7,-1.5,-6.2,-0.3,forbebr01
143,Trent Forrest,PG,24,ATL,18,239,7.9,0.487,0.04,0.06,2.2,11,6.6,16,1.2,0.7,16.3,10.8,0,0.2,0.2,0.032,-4.4,0.6,-3.8,-0.1,forretr01
144,Michael Foster Jr.,PF,20,PHI,1,1,0,,,,0,0,0,0,0,0,,0,0,0,0,0.012,-7.5,-1.9,-9.4,0,fostemi02
145,Evan Fournier,SG,30,NYK,23,414,8.2,0.49,0.675,0.139,1,10.7,5.9,11.7,1.7,0.7,10.6,18.6,-0.1,0.4,0.3,0.032,-3.2,0.1,-3,-0.1,fournev01
146,De'Aaron Fox,PG,25,SAC,52,1770,21,0.595,0.26,0.333,1.6,12.7,7.3,29.2,1.5,0.9,11.3,29.7,3.7,1.4,5,0.137,2.8,-1,1.8,1.7,foxde01
147,Markelle Fultz,PG,24,ORL,38,1108,16.1,0.551,0.122,0.22,5,10.8,7.9,29.2,2.5,1.3,16.6,21,0.8,1.2,2,0.087,-0.5,0.7,0.2,0.6,fultzma01
148,Wenyen Gabriel,PF,25,LAL,46,706,15.2,0.648,0.153,0.311,11.9,15.1,13.5,4.3,1.1,3,12.9,15.3,1.2,0.7,1.9,0.131,-2,-0.3,-2.3,-0.1,gabriwe01
149,Daniel Gafford,C,24,WAS,56,1049,20.5,0.742,0,0.545,12,18.8,15.6,7.2,0.9,5.9,14.4,15.3,2.9,1.4,4.4,0.199,0.6,0.8,1.5,0.9,gaffoda01
150,Darius Garland,PG,23,CLE,51,1794,19.7,0.598,0.379,0.302,1.5,7.6,4.6,35.6,1.8,0.3,14,27,3.9,2.3,6.2,0.167,3.7,-0.5,3.3,2.4,garlada01
151,Usman Garuba,PF,20,HOU,51,693,14.2,0.592,0.264,0.298,13.5,22.7,18.1,9.5,2.5,3.2,19.9,10.2,0.7,0.8,1.5,0.106,-1.4,1.3,-0.1,0.3,garubus01
152,Luka Garza,C,24,MIN,22,205,22.8,0.634,0.356,0.426,15.2,13.9,14.5,10.9,0.5,0.4,7,26.8,0.7,0.1,0.9,0.209,2.7,-3,-0.2,0.1,garzalu01
153,Rudy Gay,PF,36,UTA,44,645,8.8,0.472,0.457,0.167,4.8,17,10.9,8.6,1.2,1.7,11,16.5,-0.2,0.5,0.3,0.02,-3.6,-0.3,-3.9,-0.3,gayru01
154,Paul George,SG,32,LAC,44,1506,19.7,0.592,0.44,0.268,2.4,17.4,9.9,25.6,2.1,0.9,14.4,29.3,1.7,1.9,3.7,0.117,2.5,0.2,2.7,1.8,georgpa01
155,Taj Gibson,C,37,WAS,36,353,12.7,0.596,0.168,0.337,8.5,13.2,11,10.6,1.8,2.4,14.8,15.8,0.4,0.4,0.8,0.105,-3.2,1,-2.2,0,gibsota01
156,Josh Giddey,SG,20,OKC,52,1602,16.7,0.539,0.207,0.112,6.6,20.7,13.5,28.5,1.2,1.4,16.7,24.6,0.6,1.8,2.4,0.073,0.9,-0.4,0.5,1,giddejo01
157,Shai Gilgeous-Alexander,PG,24,OKC,53,1877,27.3,0.624,0.129,0.521,2.6,11.8,7.1,26.2,2.2,2.8,10.5,32.5,6.7,2.3,8.9,0.229,5.7,1.3,7.1,4.3,gilgesh01
158,Anthony Gill,PF,30,WAS,41,411,11.6,0.667,0.226,0.345,6.2,9,7.7,6.5,0.6,1.6,8.5,11.2,0.8,0.3,1,0.122,-1.7,-0.6,-2.3,0,gillan01
159,Rudy Gobert,C,30,MIN,50,1524,18.9,0.694,0.008,0.618,11.9,30.5,21.4,4.1,1.2,3.8,15.5,15.9,3.1,2.5,5.6,0.176,0.1,0.5,0.6,1,goberru01
160,Jordan Goodwin,PG,24,WAS,40,722,14.6,0.542,0.313,0.206,5.6,13.9,10,18.4,2.8,2.4,13.4,16.2,0.6,1,1.6,0.106,-0.8,2.1,1.3,0.6,goodwjo01
161,Aaron Gordon,PF,27,DEN,49,1483,20.9,0.645,0.229,0.444,9.6,16.6,13.2,13.5,1.3,2.4,10.7,21.6,3.8,1.6,5.5,0.176,3.2,-0.3,3,1.8,gordoaa01
162,Eric Gordon,SG,34,TOT,49,1466,11.6,0.571,0.513,0.29,0.9,6.6,3.8,14.6,1.1,1.3,13,18,1.1,0.2,1.4,0.046,-0.8,-1.5,-2.4,-0.1,gordoer01
163,Devonte' Graham,PG,27,TOT,57,922,12.4,0.537,0.798,0.247,1.9,8.1,5,19.3,1.8,1.2,8.9,16,1.1,0.8,1.9,0.099,0.1,0.3,0.4,0.5,grahade01
164,Jerami Grant,PF,28,POR,54,1927,16.6,0.611,0.383,0.364,2.8,11.2,7.1,10,1.1,2,9.6,23,3.2,1.1,4.3,0.107,1.6,-1.2,0.3,1.1,grantje01
165,A.J. Green,SG,23,MIL,26,244,13,0.645,0.837,0.043,1.8,9.9,6,7.1,1,0,6.9,17.4,0.4,0.3,0.7,0.133,0.5,-0.5,0,0.1,greenaj01
166,Danny Green,SG,35,TOT,4,55,1.2,0.4,0.733,0,1.9,7.8,4.9,4.4,1.8,0,16.7,13.7,-0.1,0.1,0,-0.041,-7.1,-0.6,-7.8,-0.1,greenda02
167,Draymond Green,PF,32,GSW,52,1646,12.3,0.595,0.299,0.249,2.9,22.4,12.8,27.6,1.4,2.2,27.3,12.5,1.4,2,3.5,0.101,-1.5,2.5,1,1.2,greendr01
168,Jalen Green,SG,20,HOU,54,1833,13.9,0.534,0.429,0.334,1.8,11.1,6.4,17.4,1.1,0.7,12.3,28.3,0.4,0.5,0.9,0.023,0.1,-2.6,-2.5,-0.2,greenja05
169,JaMychal Green,PF,32,GSW,38,558,14.6,0.638,0.415,0.256,10.5,19,14.8,9,1.5,2.1,17.7,17.9,0.6,0.6,1.3,0.108,-1.6,-0.2,-1.8,0,greenja01
170,Javonte Green,SG,29,CHI,28,449,15.4,0.667,0.327,0.413,6.3,14,10.2,6.9,2.4,4.2,14,13.9,0.7,0.7,1.4,0.147,-0.5,2.5,1.9,0.5,greenja02
171,Jeff Green,PF,36,DEN,37,711,10.8,0.567,0.277,0.339,4.2,10.8,7.6,8.2,1,1.1,11.7,17.8,0.4,0.6,0.9,0.062,-3,-1,-4,-0.4,greenje02
172,Josh Green,SG,22,DAL,40,995,12.6,0.663,0.463,0.339,4.3,8.6,6.4,9.5,1.8,0.3,12.8,14.6,1.6,0.7,2.3,0.11,-1.4,0.1,-1.3,0.2,greenjo02
173,AJ Griffin,SF,19,ATL,55,1122,12.8,0.585,0.488,0.07,2.4,8.7,5.5,6.7,1.6,0.5,7,17.8,1,0.8,1.8,0.078,-0.3,-0.2,-0.4,0.4,griffaj01
174,Blake Griffin,C,33,BOS,26,375,13.1,0.624,0.511,0.261,7.1,18.7,13,12,1,1.1,11.2,13.5,0.7,0.5,1.2,0.149,-1.1,0.7,-0.3,0.1,griffbl01
175,Quentin Grimes,SG,22,NYK,49,1479,10.2,0.584,0.651,0.178,2.9,9.4,6.1,8.7,1.1,1.3,10.6,13.7,1.5,1.1,2.6,0.085,-1.3,0.3,-1,0.4,grimequ01
176,Rui Hachimura,PF,24,TOT,41,1016,13.3,0.551,0.278,0.216,4,16.5,10.5,6.1,0.7,1.2,8.2,21.3,0.2,0.8,1.1,0.052,-1.1,-1.2,-2.3,-0.1,hachiru01
177,Tyrese Haliburton,PG,22,IND,48,1605,22.7,0.61,0.482,0.205,2.2,10.2,6.2,47.1,2.5,1,13.9,23.7,4.7,1.4,6.1,0.182,6.3,0.5,6.7,3.6,halibty01
178,Jordan Hall,SF,21,SAS,9,83,5.6,0.438,0.536,0.321,3.8,12.5,8,17,0.6,0,18,19.4,-0.1,0,-0.1,-0.077,-4.7,-3.1,-7.8,-0.1,halljo02
179,R.J. Hampton,PG,21,ORL,26,361,12.7,0.572,0.465,0.325,2.9,9.4,6.2,13.6,2.2,1.1,13.9,18.2,0.2,0.4,0.6,0.076,-1.5,0.3,-1.2,0.1,hamptrj01
180,Tim Hardaway Jr.,SG,30,DAL,54,1633,11,0.518,0.643,0.189,1.3,13.2,7.2,8.8,1.3,0.4,6.2,21.2,-0.2,1.1,0.9,0.027,-1.2,-1.5,-2.7,-0.3,hardati02
181,James Harden,PG,33,PHI,41,1494,22.5,0.619,0.498,0.443,1.7,18,9.9,45.1,1.6,1.5,16.4,25.3,4.4,1.9,6.3,0.204,5.3,0.6,5.9,3,hardeja01
182,Jaden Hardy,SG,20,DAL,31,367,11.8,0.555,0.441,0.298,0.6,13.5,6.9,10.9,1.2,0.7,12.5,25.8,-0.1,0.3,0.1,0.016,-3.4,-2.1,-5.5,-0.3,hardyja02
183,Ron Harper Jr.,SF,22,TOR,3,9,32.6,0.8,0.6,0,11.8,13.6,12.6,0,0,0,0,23.6,0,0,0.1,0.268,16.2,-0.6,15.5,0,harpero02
184,Montrezl Harrell,C,29,PHI,50,624,17.3,0.636,0.011,0.459,11.4,14.5,13,7.5,1.3,3.7,12.2,18.1,1.2,0.8,2,0.157,-1.2,-0.1,-1.3,0.1,harremo01
185,Gary Harris,SG,28,ORL,30,735,11.3,0.655,0.636,0.139,2,7.9,5,6.9,1.8,0.7,9.6,12.9,1,0.6,1.6,0.103,-1,0.4,-0.6,0.3,harriga01
186,Joe Harris,SG,31,BRK,51,1215,10.6,0.616,0.715,0.07,1.9,10.4,6.3,9.1,1,0.9,8.3,14.2,1.2,0.9,2.1,0.084,-0.8,-0.6,-1.4,0.2,harrijo01
187,Kevon Harris,SG,25,ORL,27,336,8.9,0.546,0.364,0.351,7.8,10.1,9,4.9,1.9,0.9,15.3,13.5,0.1,0.3,0.4,0.056,-3.5,-0.1,-3.6,-0.1,harrike01
188,Tobias Harris,PF,30,PHI,53,1779,15,0.589,0.38,0.125,3.4,17.3,10.4,11.7,1.5,1.5,8.8,19,1.9,2.2,4.1,0.112,0.4,0.1,0.5,1.1,harrito02
189,Josh Hart,SF-SG,27,TOT,54,1782,13.6,0.601,0.321,0.324,6.5,21.5,14.1,15.9,1.6,0.5,15.3,12.9,2.7,1.6,4.2,0.114,-0.3,0.9,0.6,1.2,hartjo01
190,Isaiah Hartenstein,C,24,NYK,60,1181,14.4,0.561,0.133,0.208,15.3,20.9,18.1,6,1.4,4,15,11.9,1.6,1.7,3.3,0.133,-1.5,0.5,-1,0.3,harteis01
191,Udonis Haslem,C,42,MIA,6,46,-3.5,0.116,0.167,0.167,9.6,10.5,10.1,0,1.1,2.2,0,12.3,-0.2,0.1,-0.1,-0.125,-12.2,-4.2,-16.4,-0.2,hasleud01
192,Sam Hauser,PF,25,BOS,57,903,12.3,0.628,0.833,0.053,3.1,14.8,9.1,6.5,0.9,1.1,6.2,14.8,1.2,1,2.2,0.119,0.5,-0.1,0.4,0.5,hausesa01
193,Jaxson Hayes,C,22,NOP,33,438,13.4,0.586,0.221,0.54,7.9,17.1,12.5,7.5,1.4,2.4,12.5,15.5,0.5,0.5,1,0.111,-1.8,0.4,-1.4,0.1,hayesja02
194,Killian Hayes,PG,21,DET,55,1471,10,0.448,0.379,0.094,1.4,10.2,5.7,32,2.4,1.1,15.8,20,-1.2,0.8,-0.4,-0.012,-3.3,-0.6,-3.9,-0.7,hayeski01
195,Gordon Hayward,SF,32,CHO,34,1059,12.8,0.553,0.291,0.278,2.3,12.3,7.2,16.6,1.3,0.6,12.8,19.3,0.4,0.6,1,0.047,-1.6,-0.6,-2.2,-0.1,haywago01
196,Juancho Hernangómez,PF,27,TOR,41,609,7.7,0.508,0.584,0.142,4.7,19.1,11.4,5.1,1.3,1,11.1,9.4,0.1,0.5,0.6,0.05,-3.4,0.1,-3.3,-0.2,hernaju01
197,Willy Hernangómez,C,28,NOP,29,372,21.2,0.614,0.064,0.607,15,29.2,22.1,10.8,1.2,3,14.9,23.8,0.8,0.6,1.4,0.175,0.3,0,0.3,0.2,hernawi01
198,Tyler Herro,SG,23,MIA,45,1595,15.7,0.56,0.475,0.166,1.5,18,9.4,20.9,1.2,0.9,11.9,26,0.6,2,2.6,0.079,1.5,-0.3,1.2,1.3,herroty01
199,Buddy Hield,SF,30,IND,60,1921,15.2,0.612,0.659,0.112,3,14,8.5,12.9,1.7,0.9,11.5,21.2,1.9,1.4,3.4,0.084,2.5,-0.6,1.8,1.9,hieldbu01
200,Haywood Highsmith,SF,26,MIA,43,847,8.6,0.521,0.524,0.128,6,16.5,11,5,1.9,1.8,15,12.1,-0.2,1.2,1,0.058,-3.7,1,-2.7,-0.2,highsha01
201,George Hill,PG,36,TOT,36,678,9.9,0.575,0.561,0.348,2.1,8,5.1,17,1.4,0.4,15.1,11.1,0.7,0.8,1.5,0.104,-2.9,1.1,-1.8,0,hillge01
202,Malcolm Hill,SF,27,CHI,5,9,15.5,0.625,0.75,0,0,36.8,18.7,0,0,0,0,19.4,0,0,0,0.121,1.6,0.4,2,0,hillma01
203,Aaron Holiday,PG,26,ATL,50,725,8.9,0.529,0.401,0.15,3.1,6.8,4.9,11.2,1.8,1.2,12.7,13.3,0.2,0.6,0.7,0.049,-3.1,0.7,-2.4,-0.1,holidaa01
204,Jrue Holiday,PG,32,MIL,47,1552,18.7,0.569,0.398,0.173,4.2,12,8.2,33.8,1.9,0.9,15.2,25.7,2.2,2.2,4.4,0.137,2.5,0.1,2.6,1.8,holidjr01
205,Justin Holiday,SG,33,ATL,28,411,6.1,0.504,0.696,0,0.5,5.6,3,7.7,0.6,2.1,8.8,14.1,-0.1,0.2,0.1,0.008,-3.2,-0.6,-3.9,-0.2,holidju01
206,Richaun Holmes,C,29,SAC,33,301,13.4,0.721,0.058,0.217,9.3,17.8,13.6,2.3,0.5,3.1,13.7,12.5,0.5,0.3,0.8,0.129,-2,-0.7,-2.6,0,holmeri01
207,Al Horford,C,36,BOS,45,1381,12.7,0.606,0.649,0.054,4.3,17.8,11.1,11.5,0.8,2.5,7.5,11.8,2.1,1.8,3.9,0.136,0.8,1.4,2.1,1.4,horfoal01
208,Talen Horton-Tucker,SG,22,UTA,46,760,13,0.494,0.372,0.259,3,13.3,8.2,24.6,1.8,2.1,13.6,22.8,0,0.6,0.7,0.042,-1.5,0.1,-1.4,0.1,hortota01
209,Danuel House Jr.,SF,29,PHI,37,546,8.4,0.589,0.6,0.333,1.7,12.1,7,6.2,0.7,1.2,10.4,12.5,0.3,0.5,0.8,0.069,-2.8,-0.6,-3.4,-0.2,houseda01
210,Caleb Houstan,SF,20,ORL,34,549,7.5,0.564,0.697,0.107,5,10.8,7.9,4.4,0.6,0.5,8.6,11,0.4,0.3,0.7,0.06,-2.3,-0.9,-3.2,-0.2,houstca01
211,Trevor Hudgins,PG,23,HOU,4,27,4.4,0.436,0.889,0.333,0,0,0,14.8,0,0,8.8,17.3,0,0,0,-0.032,-3.5,-4.7,-8.2,0,hudgitr01
212,Kevin Huerter,SG,24,SAC,54,1648,14.2,0.608,0.592,0.167,2.3,10.4,6.4,13.4,1.7,0.9,10.2,19.2,2,1.3,3.3,0.097,0.7,-0.3,0.4,1,huertke01
213,De'Andre Hunter,SF,25,ATL,49,1567,12,0.57,0.356,0.279,2.2,12.8,7.4,6.1,0.8,0.5,8.2,20.1,1.1,1,2.2,0.066,-1.7,-1.3,-3,-0.4,huntede01
214,Bones Hyland,PG,22,TOT,44,852,14.6,0.541,0.552,0.2,1.8,10.6,6.3,21.3,1.7,1.4,12.7,28.2,0.2,0.8,1,0.056,0.5,-1.4,-0.8,0.3,hylanbo01
215,Serge Ibaka,C,33,MIL,16,185,10,0.553,0.333,0.241,8.7,15.8,12.4,3,0.5,3.1,15.6,16.1,0,0.3,0.2,0.064,-4.5,0,-4.5,-0.1,ibakase01
216,Andre Iguodala,SF,39,GSW,3,42,5.6,0.875,0.5,0,2.7,15.6,9.2,14.5,1.1,2.1,55.6,9,0,0,0,0.009,-5.9,0.6,-5.3,0,iguodan01
217,Joe Ingles,SF,35,MIL,25,563,8.8,0.532,0.793,0.093,1.5,11.4,6.6,18.7,1.2,0.4,16.6,13,0.2,0.7,0.9,0.077,-2.6,0.4,-2.2,0,inglejo01
218,Brandon Ingram,SF,25,NOP,24,772,17.5,0.571,0.22,0.312,1.6,15.8,8.7,24.4,1.1,1.5,14.4,30.3,0.4,0.8,1.2,0.077,1.1,-0.6,0.5,0.5,ingrabr01
219,Kyrie Irving,PG,30,TOT,44,1632,22.3,0.61,0.428,0.22,3.2,12.1,7.8,24.3,1.4,1.9,9.3,29.6,3.8,1.5,5.3,0.156,4.8,-0.8,4,2.5,irvinky01
220,Jonathan Isaac,PF,25,ORL,10,108,19.2,0.442,0.255,0.191,14.8,24.2,19.5,7,5.4,2.7,3.8,21.2,0,0.3,0.3,0.112,0.3,2.3,2.6,0.1,isaacjo01
221,Jaden Ivey,SG,20,DET,55,1653,12.2,0.527,0.338,0.391,3.6,11.2,7.3,23.6,1.5,0.7,16.4,24.4,-0.4,0.6,0.2,0.005,-1.6,-1.5,-3.2,-0.5,iveyja01
222,Isaiah Jackson,C,21,IND,45,689,17.5,0.607,0.058,0.51,10.1,17.9,14,8.5,1.3,8.4,13.4,17.7,0.9,0.9,1.8,0.126,-1.7,1.8,0.1,0.4,jacksis01
223,Jaren Jackson Jr.,C,23,MEM,40,1088,21.8,0.608,0.361,0.351,6.7,19.1,12.9,4.7,1.9,10.8,10.2,23.3,1.7,2.5,4.2,0.186,0.9,2.9,3.7,1.6,jacksja02
224,Justin Jackson,SF,27,BOS,23,107,6.3,0.359,0.741,0.074,2.1,15.1,8.7,10.6,1.8,3.2,6.7,12.2,-0.1,0.2,0,0.022,-4.1,1.5,-2.6,0,jacksju01
225,Quenton Jackson,PG,24,WAS,3,8,26.1,0.833,0.667,0,14.5,0,6.9,20.1,0,0,0,16.3,0.1,0,0.1,0.317,8.9,-2.1,6.8,0,jacksqu01
226,Reggie Jackson,PG,32,LAC,52,1338,10.5,0.523,0.43,0.129,1.8,7.8,4.8,20.3,1.4,0.3,15.1,20.8,-0.3,1.1,0.7,0.026,-2.6,-1,-3.6,-0.5,jacksre01
227,LeBron James,PF,38,LAL,45,1632,24.9,0.59,0.307,0.281,3.4,20.8,12.4,33.7,1.2,1.3,11,33.2,3.2,1.8,5,0.147,5.8,0.6,6.5,3.5,jamesle01
228,Ty Jerome,SG,25,GSW,36,642,13.8,0.621,0.368,0.181,0.9,9.2,5.1,22.2,1.2,0.7,9.9,15.1,1.3,0.4,1.8,0.133,-0.4,0,-0.4,0.3,jeromty01
229,Isaiah Joe,SG,23,OKC,49,771,17,0.674,0.816,0.174,2.3,13,7.6,9.5,1.8,0.7,6.5,17.6,2,0.8,2.8,0.172,3.3,0,3.3,1,joeis01
230,Alize Johnson,PF,26,SAS,4,30,4.3,0.509,0.333,0.333,7.1,30.8,18.5,4.2,1.6,0,36.8,15,-0.1,0,-0.1,-0.101,-7.3,-1.9,-9.2,-0.1,johnsal02
231,Cameron Johnson,PF,26,TOT,20,518,17.1,0.612,0.586,0.205,3.2,13.6,8.3,9.4,1.8,1.2,4.2,19.8,1.1,0.6,1.7,0.153,2.9,0.5,3.4,0.7,johnsca02
232,Jalen Johnson,SF,21,ATL,55,790,13.4,0.548,0.345,0.26,5.6,23.8,14.6,8.2,1.5,2.6,9.3,15.5,0.6,1,1.6,0.096,-1.5,1.2,-0.4,0.3,johnsja05
233,James Johnson,PF,35,IND,12,98,5.4,0.452,0.37,0.148,2.2,15.8,9,9.5,1.9,4.5,14.8,14.4,-0.1,0.1,0,-0.002,-7.2,1.9,-5.3,-0.1,johnsja01
234,Keldon Johnson,SF,23,SAS,52,1695,15.4,0.552,0.379,0.308,2.8,13.7,8,12.7,1,0.4,9.5,27.8,0.9,0.2,1.2,0.033,0.8,-2.8,-2,0,johnske04
235,Keon Johnson,SG,20,POR,28,274,6.2,0.451,0.471,0.143,3,11.3,7.2,13.8,2.1,1.3,17.6,24.5,-0.7,0.2,-0.5,-0.089,-5.8,-1.4,-7.2,-0.4,johnske07
236,Stanley Johnson,SF,26,SAS,30,469,13.7,0.625,0.328,0.32,5,18,11.2,19,1.6,1,19.2,15.2,0.5,0.2,0.7,0.075,-0.6,-0.4,-1,0.1,johnsst04
237,Nikola Joki?,C,27,DEN,51,1714,31.8,0.703,0.145,0.414,7.4,31.6,19.8,47.3,1.8,1.9,16.8,27.3,8.6,2.7,11.3,0.318,8.6,4.6,13.2,6.6,jokicni01
238,Carlik Jones,PG,25,CHI,2,23,-1.7,0.222,0.2,0.8,4.9,9.6,7.3,10.5,0,0,12.9,14.8,-0.1,0,-0.1,-0.156,-10.6,-3.6,-14.2,-0.1,jonesca03
239,Damian Jones,C,27,TOT,23,184,14.7,0.612,0.073,0.537,10.8,22,16.6,2.8,0.8,6.4,15.1,13.7,0.2,0.3,0.5,0.119,-2.5,0.9,-1.6,0,jonesda03
240,Derrick Jones Jr.,SF,25,CHI,46,698,14,0.611,0.312,0.393,7.7,11.7,9.7,5.4,1.5,4.1,9,14,1.1,0.9,2,0.136,-1.1,0.8,-0.3,0.3,jonesde02
241,Herbert Jones,SF,24,NOP,43,1239,11.5,0.538,0.339,0.357,5.3,9.6,7.4,10,2.8,2.1,12.7,15.1,0.6,1.7,2.3,0.087,-2.6,1.7,-0.8,0.4,joneshe01
242,Kai Jones,C,22,CHO,27,237,11,0.568,0.186,0.203,8.6,14.8,11.6,2.9,1,4.1,12.3,12.9,0.1,0.2,0.3,0.065,-4,-0.6,-4.6,-0.2,joneska01
243,Tre Jones,PG,23,SAS,52,1524,15,0.514,0.224,0.217,3,10.9,6.8,29.6,2.1,0.4,12.4,20,1.3,0.5,1.8,0.058,-0.7,-1,-1.7,0.1,jonestr01
244,Tyus Jones,PG,26,MEM,57,1319,15.3,0.539,0.448,0.148,1.8,8.3,5.1,26.4,2.1,0.3,9.3,17.8,2,1.6,3.7,0.133,0.7,0.5,1.3,1.1,jonesty01
245,DeAndre Jordan,C,34,DEN,34,498,14.2,0.732,0.01,0.427,9.9,28.6,19.5,8.1,0.8,4,26.9,13.6,0.4,0.7,1.1,0.107,-2.7,0.7,-2.1,0,jordade01
246,Cory Joseph,PG,31,DET,40,633,10.4,0.497,0.459,0.215,1.7,7.6,4.6,29.1,1.3,0.7,13.7,14.6,0.4,0.1,0.6,0.043,-2.1,-1.1,-3.2,-0.2,josepco01
247,Nikola Jovi?,PF,19,MIA,15,204,10.7,0.53,0.507,0.275,4.9,13.1,8.8,7.3,1.7,1,11.4,18.9,0,0.3,0.3,0.062,-3.4,0.1,-3.4,-0.1,jovicni01
248,Mfiondu Kabengele,PF,25,BOS,2,14,5.6,0.5,0.5,0,23.9,15.4,19.6,0,0,0,33.3,9.4,0,0,0,0.061,-8.2,-4.6,-12.8,0,kabenmf01
249,Frank Kaminsky,C,29,TOT,28,196,14.9,0.668,0.52,0.28,2.2,20.1,11.1,17.9,1.2,1.4,13.8,14,0.4,0.2,0.6,0.143,0.7,2,2.7,0.2,kaminfr01
250,Trevor Keels,SG,19,NYK,1,1,-26.7,0,1,0,0,100,53.9,0,0,0,0,42.9,0,0,0,-0.813,-36.2,-8.3,-44.6,0,keelstr01
251,Luke Kennard,SG,26,TOT,37,767,10.6,0.625,0.63,0.11,1,11.4,6.2,7.4,1.2,0.5,11.6,14.8,0.6,0.7,1.3,0.081,-1.4,0,-1.4,0.1,kennalu01
252,Walker Kessler,C,21,UTA,57,1212,21,0.698,0,0.4,15.1,24.3,19.7,5,0.9,8,12.1,13.2,3.1,1.7,4.9,0.193,1,1.4,2.4,1.3,kesslwa01
253,Braxton Key,SF,25,DET,3,9,18.6,1.064,0,2,0,12.7,6.2,0,0,0,0,8.8,0,0,0,0.239,2.2,0.6,2.9,0,keybr01
254,Corey Kispert,SF,23,WAS,50,1360,10.5,0.641,0.651,0.172,1.7,9,5.5,6.1,1,0.4,9.5,13.1,1.5,0.8,2.3,0.082,-1,-0.8,-1.8,0,kispeco01
255,Maxi Kleber,C,31,DAL,22,564,9.5,0.622,0.625,0.135,3.9,12.6,8.2,5.2,0.6,3.6,10.6,9.9,0.5,0.4,0.9,0.08,-1.6,0.3,-1.3,0.1,klebima01
256,Nathan Knight,PF,25,MIN,33,268,14.9,0.658,0.284,0.689,8.6,12.3,10.5,6.6,1.6,1.7,15.7,18.2,0.4,0.3,0.7,0.124,-1.7,-0.9,-2.6,0,knighna01
257,Kevin Knox,PF-SF,23,TOT,44,607,10.4,0.61,0.648,0.192,3.9,16.8,10.2,3.6,1.1,1.7,13.9,16,0.2,0.3,0.5,0.043,-2.2,-0.9,-3.1,-0.2,knoxke01
258,Christian Koloko,C,22,TOR,45,658,11.4,0.533,0.072,0.424,11.3,14.2,12.6,4.4,1,7.2,10.8,10.7,0.6,0.7,1.4,0.101,-4.4,0.4,-4,-0.3,kolokch01
259,John Konchar,SG,26,MEM,49,1097,10.9,0.556,0.562,0.092,4.1,17.9,11.1,8,2.2,1.1,10.1,10.8,0.8,1.8,2.6,0.114,-1.6,2.1,0.5,0.7,konchjo01
260,Furkan Korkmaz,SG,25,PHI,25,255,9.1,0.523,0.449,0.372,2.8,10.5,6.7,9.9,1.2,1.1,14.2,18.5,-0.1,0.2,0.1,0.019,-3.3,-1.2,-4.4,-0.1,korkmfu01
261,Luke Kornet,C,27,BOS,51,605,17.6,0.737,0.074,0.279,11.8,15,13.4,8.3,0.8,5.6,12.2,11.3,1.8,0.9,2.7,0.213,0,1.6,1.6,0.5,kornelu01
262,Vit Krejci,PG,22,ATL,21,120,6.5,0.469,0.621,0.069,1.8,11,6.3,12.2,1.2,0.7,11.8,11.9,0,0.1,0.1,0.021,-4.4,0.5,-4,-0.1,krejcvi01
263,Jonathan Kuminga,PF,20,GSW,46,886,11,0.568,0.317,0.287,5.2,12.3,8.8,12.7,1.2,2,16.4,19.4,0.1,0.8,0.8,0.045,-3,-0.5,-3.5,-0.3,kuminjo01
264,Kyle Kuzma,PF,27,WAS,53,1851,14.9,0.548,0.425,0.207,3.2,20.1,12,17.5,0.7,1.2,13.1,27.9,-0.3,1.7,1.4,0.036,0.4,-1.3,-0.9,0.5,kuzmaky01
265,Anthony Lamb,SF,25,GSW,43,837,11.6,0.651,0.656,0.176,4.4,13.8,9.2,11.5,1.2,1.2,15,14.1,1,0.7,1.7,0.1,-0.9,0.3,-0.6,0.3,lamban01
266,Jock Landale,C,27,PHO,51,721,16.1,0.594,0.301,0.333,12.8,18.8,15.7,9.3,0.9,2.9,14.3,19.5,1,0.9,1.9,0.125,-1.2,-0.4,-1.6,0.1,landajo01
267,Romeo Langford,SG,23,SAS,32,646,11.4,0.538,0.225,0.181,7.6,8.2,7.9,9.1,1.2,1.4,9.1,15.5,0.5,0.1,0.5,0.04,-1.7,-1.7,-3.4,-0.2,langfro01
268,Jake LaRavia,PF,21,MEM,30,381,6.7,0.534,0.721,0.105,4.4,11.8,8.1,6.8,1.5,0.9,16.7,11.6,0,0.5,0.5,0.058,-4.1,0.8,-3.3,-0.1,laravja01
269,Zach LaVine,SG,27,CHI,55,1982,17.6,0.591,0.414,0.311,1.7,13.4,7.6,17.6,1.3,0.5,11.5,27.8,2.1,2,4.1,0.098,1.7,-0.8,0.9,1.5,lavinza01
270,A.J. Lawson,SG,22,TOT,13,63,14.3,0.622,0.615,0.115,3.7,15.1,9.3,2.6,0.8,0,3.5,20.4,0.1,0,0.1,0.091,-0.7,-2,-2.7,0,lawsoaj01
271,Damion Lee,SG,30,PHO,60,1324,10.8,0.609,0.569,0.242,2.3,14.1,8.1,9.4,1,0.4,13.9,16.2,1,1.2,2.3,0.082,-1.2,-0.4,-1.6,0.1,leeda03
272,Saben Lee,PG,23,TOT,20,294,13.4,0.554,0.226,0.536,3.7,10.1,6.8,25.1,2.5,0.3,18.1,18.4,0.2,0.4,0.6,0.096,-2.6,0.8,-1.7,0,leesa01
273,Alex Len,C,29,SAC,13,46,8.1,0.553,0.1,0.4,10.1,27.2,18.8,13.8,0,0,25.4,14.7,0,0,0,0.041,-5.7,-0.3,-6,0,lenal01
274,Kawhi Leonard,SF,31,LAC,34,1101,23.7,0.601,0.272,0.307,4.3,17,10.7,21.2,2.1,1.5,7.5,26.9,3,1.4,4.4,0.191,4.7,1.1,5.7,2.2,leonaka01
275,Caris LeVert,SG,28,CLE,55,1674,11.3,0.517,0.41,0.245,2.9,12.4,7.7,18.2,1.4,0.7,12.6,19.5,0.3,2.3,2.6,0.074,-1.9,0.5,-1.5,0.2,leverca01
276,Kira Lewis Jr.,PG,21,NOP,14,155,14.1,0.587,0.339,0.22,2.9,17.5,10.2,14,1.2,0.6,11,19.9,0.2,0.2,0.3,0.107,-0.9,-0.3,-1.2,0,lewiski01
277,Damian Lillard,PG,32,POR,46,1665,26.6,0.648,0.551,0.45,2,11.7,6.9,34.3,1.1,0.7,11.6,33.1,7,0.8,7.8,0.224,8.3,-1.2,7,3.8,lillada01
278,Nassir Little,SF,22,POR,37,620,11,0.585,0.552,0.184,3.4,13.4,8.4,7.7,0.9,1.7,10,14.7,0.5,0.3,0.8,0.064,-0.5,-1.1,-1.6,0.1,littlna01
279,Isaiah Livers,PF,24,DET,37,782,7.3,0.56,0.768,0.167,2.6,10.1,6.3,4,1.2,2.3,10.9,11,0.2,0.3,0.5,0.028,-2.5,-0.3,-2.7,-0.2,liveris01
280,Kenneth Lofton Jr.,PF,20,MEM,8,31,6.7,0.421,0.167,0.278,3.4,13.5,8.5,19.1,0,0,9,29.3,-0.1,0,0,-0.058,-6.7,-2.7,-9.4,-0.1,loftoke01
281,Kevon Looney,C,26,GSW,58,1354,17.6,0.663,0,0.411,14.6,26.9,20.8,14.2,1.1,2.2,8.6,10.1,4.3,1.7,6,0.212,0.9,1.2,2.1,1.4,looneke01
282,Brook Lopez,C,34,MIL,57,1729,17.1,0.614,0.448,0.196,6.9,15.1,11.1,6,0.7,6.6,10.2,18.3,2.5,3,5.4,0.15,0.3,1.4,1.7,1.6,lopezbr01
283,Robin Lopez,C,34,CLE,30,238,10.7,0.682,0.054,0.286,9.6,10.3,9.9,7.8,0.2,1.5,24.1,15.6,0.2,0.3,0.4,0.089,-3.4,0,-3.5,-0.1,lopezro01
284,Kevin Love,PF,34,CLE,41,821,13.7,0.555,0.684,0.221,6.1,33.9,20.2,13,0.4,0.8,13.1,19.6,0.6,1.4,2,0.115,0.8,0.6,1.4,0.7,loveke01
285,Kyle Lowry,PG,36,MIA,44,1464,12.3,0.552,0.632,0.274,2.9,12.6,7.5,22.9,1.7,1.2,15.4,17,1.1,1.8,2.9,0.095,-1,1,0,0.7,lowryky01
286,Trey Lyles,PF,27,SAC,51,811,14.7,0.614,0.57,0.298,6.6,19.4,13.1,7,1,2.5,12,18,1,0.8,1.8,0.106,0.2,-0.9,-0.7,0.3,lylestr01
287,Théo Maledon,PG,21,CHO,36,581,12.2,0.551,0.401,0.357,1.6,14.5,7.8,19.6,2.2,0.9,16.2,15.5,0.3,0.5,0.8,0.066,-2.4,0.7,-1.7,0.1,maledth01
288,Sandro Mamukelashvili,C,23,MIL,24,217,8.6,0.432,0.552,0.31,8.9,17.6,13.4,9.5,0.9,1.9,12,14.5,-0.1,0.3,0.2,0.053,-4,0.3,-3.6,-0.1,mamuksa01
289,Terance Mann,SG,26,LAC,60,1412,14.1,0.619,0.364,0.216,4.5,13.2,8.9,13.5,1.1,1.2,11.3,15.6,2.2,1.3,3.6,0.121,-0.1,0.3,0.3,0.8,mannte01
290,Tre Mann,PG,21,OKC,51,938,9.4,0.487,0.53,0.095,2.3,11.1,6.6,11.5,1.7,1,10.5,20.8,-0.7,0.9,0.2,0.009,-3.3,-1,-4.4,-0.6,manntr01
291,Boban Marjanovi?,C,34,HOU,19,83,25.9,0.709,0.031,0.531,11.8,26.3,19.1,8.4,0.6,1.2,11.2,22.1,0.3,0.1,0.4,0.207,5.2,-1.3,3.9,0.1,marjabo01
292,Lauri Markkanen,SF,25,UTA,54,1851,22.5,0.657,0.449,0.348,5.8,21.5,13.7,8.4,0.9,1.5,8.8,25.4,5.7,1.5,7.2,0.187,5,-1,4.1,2.8,markkla01
293,Naji Marshall,SF,25,NOP,54,1345,11.6,0.537,0.397,0.311,3.1,13.7,8.4,13.8,1.6,0.9,12.4,17.5,0.5,1.4,2,0.07,-1.7,0,-1.6,0.1,marshna01
294,Caleb Martin,PF,27,MIA,49,1485,11.2,0.557,0.437,0.175,5.1,15.3,10,7.8,1.7,1.4,11.2,14.8,0.7,2,2.7,0.086,-2,0.6,-1.4,0.2,martica02
295,Cody Martin,SF,27,CHO,7,134,8.8,0.448,0.389,0.194,6.1,13.1,9.5,10.8,1.4,0.7,4.9,12.8,0,0.1,0.1,0.04,-3.7,-1,-4.7,-0.1,martico01
296,Kenyon Martin Jr.,SF,22,HOU,58,1526,15,0.627,0.328,0.297,6.2,16.8,11.5,8.9,0.8,1.5,11.2,16.4,2.4,0.6,3,0.095,0.3,-1,-0.8,0.5,martike04
297,Tyrese Martin,SG,23,ATL,13,45,6.3,0.444,0.313,0.125,4.8,9.7,7.2,0,1.1,0,5.6,16.8,0,0,0,-0.02,-5.2,-2.2,-7.4,-0.1,martity01
298,Garrison Mathews,SG,26,TOT,46,606,9.3,0.569,0.912,0.263,1.8,9.6,5.7,5.2,1.8,0.6,8.6,14.2,0.5,0.2,0.8,0.062,-2.3,-0.1,-2.4,-0.1,mathega01
299,Bennedict Mathurin,SF,20,IND,60,1693,13.6,0.561,0.341,0.468,4.3,11.7,8,7.6,1,0.3,10.7,25.5,0.9,0.8,1.7,0.048,-0.8,-2.4,-3.3,-0.5,mathube01
300,Wesley Matthews,SG,36,MIL,39,608,6.5,0.497,0.805,0.169,5.3,9.4,7.4,4.1,1.3,1.4,10.6,9.8,0.1,0.8,0.9,0.068,-3.7,1,-2.7,-0.1,matthwe02
301,Tyrese Maxey,SG,22,PHI,38,1245,16,0.569,0.381,0.255,1.6,8.5,5.1,17.7,1.3,0.4,7.8,25.6,1.5,1.1,2.6,0.099,0.5,-1.5,-1,0.3,maxeyty01
302,Miles McBride,PG,22,NYK,47,592,7.2,0.457,0.638,0.196,1.8,5.5,3.6,12.5,2.2,0.3,10.6,14.3,-0.1,0.5,0.4,0.029,-4.3,1,-3.4,-0.2,mcbrimi01
303,CJ McCollum,SG,31,NOP,52,1820,16.1,0.541,0.407,0.172,2.4,11.6,7,26.1,1.4,1.6,11.9,26.9,1.1,1.8,2.9,0.077,2,-0.7,1.3,1.5,mccolcj01
304,T.J. McConnell,PG,30,IND,57,1119,15.6,0.57,0.113,0.132,3.2,13.1,8.2,37.1,2.5,0.4,20.9,18.2,1.1,1,2.1,0.089,-0.3,0.1,-0.2,0.5,mccontj01
305,Jaden McDaniels,PF,22,MIN,58,1770,11.9,0.607,0.373,0.2,4.9,9.3,7.1,9,1.5,2.9,13.4,15.2,1.5,1.7,3.2,0.087,-1.6,0.5,-1.1,0.4,mcdanja02
306,Jalen McDaniels,SF,25,TOT,59,1550,11.7,0.552,0.404,0.207,3.2,16.7,9.7,10.3,2.1,1.7,12.6,17.1,0.3,1.5,1.8,0.057,-2.5,0.4,-2.1,0,mcdanja01
307,Doug McDermott,SF,31,SAS,51,1043,11.2,0.593,0.56,0.125,1.6,10.6,6,10,0.4,0.5,10.1,19,0.8,-0.1,0.7,0.033,-0.6,-2.7,-3.3,-0.3,mcderdo01
308,JaVale McGee,C,35,DAL,36,293,16.4,0.612,0.038,0.302,11.1,26.7,18.7,5.8,0.7,6.5,20.5,23.4,-0.1,0.4,0.3,0.057,-4.2,-0.4,-4.6,-0.2,mcgeeja01
309,Bryce McGowens,SG,20,CHO,26,382,7,0.494,0.347,0.295,2.4,10,6.1,9.2,0.9,0.9,12.3,13.3,-0.1,0.2,0.1,0.007,-4.2,-1.8,-6,-0.4,mcgowbr01
310,Rodney McGruder,SG,31,DET,21,217,9.2,0.55,0.719,0.193,5.5,9,7.2,9,1.1,0,10.2,13.4,0.2,0,0.2,0.042,-0.9,-1.4,-2.4,0,mcgruro01
311,Jordan McLaughlin,PG,26,MIN,24,367,11.7,0.494,0.506,0.111,4.1,7.5,5.8,26,2.5,0.5,18.3,12.1,0.3,0.3,0.6,0.081,-1.3,0.6,-0.7,0.1,mclaujo01
312,De'Anthony Melton,PG,24,PHI,54,1537,13.2,0.567,0.607,0.118,4,13.2,8.6,13.4,3,1.7,12.8,16.9,0.8,2.3,3.2,0.099,-0.6,1.7,1.1,1.2,meltode01
313,Chimezie Metu,C,25,SAC,44,476,17,0.662,0.207,0.247,7.8,23.9,16,9.3,1.2,2.5,13.5,17.4,0.9,0.5,1.4,0.142,-0.4,0.2,-0.1,0.2,metuch01
314,Khris Middleton,SF,31,MIL,17,364,16.3,0.534,0.421,0.223,3,15.2,9.3,29,1.5,0.7,13.6,28.9,0.2,0.5,0.7,0.093,-0.1,-0.1,-0.2,0.2,middlkh01
315,Patty Mills,PG,34,BRK,36,479,11.2,0.556,0.644,0.119,1.7,6.4,4.2,13.8,1.3,0.4,10.6,19.4,0.2,0.3,0.5,0.047,-1,-1.7,-2.7,-0.1,millspa02
316,Shake Milton,SG,26,PHI,53,1138,13.1,0.59,0.283,0.237,2.8,12.1,7.5,20.7,0.8,0.7,14.8,19,1.2,1,2.1,0.091,-1,-0.8,-1.8,0.1,miltosh01
317,Josh Minott,SF,20,MIN,11,68,22.9,0.59,0.148,0.222,8.5,27.5,18.2,6.5,2.1,7.9,0,18.6,0.2,0.1,0.3,0.222,0.3,0.9,1.2,0.1,minotjo01
318,Davion Mitchell,PG,24,SAC,56,999,8.8,0.534,0.47,0.089,1.4,7.2,4.3,15.4,1.3,0.9,13.6,14.5,0.2,0.6,0.8,0.039,-2.8,-0.5,-3.3,-0.3,mitchda01
319,Donovan Mitchell,SG,26,CLE,50,1776,23,0.616,0.475,0.27,3.2,10.3,6.8,23.5,2.1,1,11,31.4,4.2,2.7,6.8,0.185,5.8,0.8,6.6,3.8,mitchdo01
320,Evan Mobley,PF,21,CLE,59,2016,17.2,0.589,0.104,0.317,8.3,22.4,15.4,11.9,1.1,3.7,13.2,20.2,2.4,3.6,6,0.142,-0.5,1.6,1.1,1.5,mobleev01
321,Isaiah Mobley,PF,23,CLE,9,26,14.7,0.563,0.25,0,4.6,45,25,0,1.9,0,0,13.8,0,0.1,0.1,0.154,-0.2,1.5,1.3,0,mobleis01
322,Chima Moneke,SF,27,SAC,2,8,-3.5,0.347,0,1,29.2,0,14.4,16.3,0,0,41,26.2,0,0,0,-0.284,-12.7,-8,-20.8,0,monekch01
323,Malik Monk,SG,24,SAC,54,1219,16,0.571,0.477,0.24,2.6,10.5,6.6,25,1.4,0.9,14.4,26.2,1.1,0.9,1.9,0.076,1,-1.5,-0.5,0.5,monkma01
324,Moses Moody,SG,20,GSW,44,627,9.1,0.571,0.622,0.227,3.6,9.2,6.4,8.3,1.1,0.7,12.5,14.5,0.2,0.4,0.7,0.051,-2.2,-1.1,-3.3,-0.2,moodymo01
325,Wendell Moore Jr.,SG,21,MIN,24,139,7.9,0.459,0.432,0.135,1.7,11.1,6.5,14.8,2,3.2,16.9,14.5,-0.1,0.2,0,0.01,-4.3,1,-3.4,0,moorewe01
326,Ja Morant,PG,23,MEM,48,1572,23.7,0.557,0.253,0.406,3.7,15.3,9.5,41.9,1.5,0.7,12.4,35,3.1,2.1,5.2,0.16,5.6,0.5,6.2,3.2,moranja01
327,Marcus Morris,PF,33,LAC,53,1519,11.8,0.544,0.485,0.145,1.8,14.6,8.2,9.5,1.1,1.2,7,18.6,0.8,1.5,2.2,0.071,-1.1,-0.1,-1.2,0.3,morrima03
328,Markieff Morris,PF,33,BRK,27,285,10.8,0.556,0.598,0.122,5.4,17.7,11.8,11.5,1.4,1.5,13.9,15.7,0.1,0.3,0.4,0.075,-1.7,-0.3,-2,0,morrima02
329,Monte Morris,PG,27,WAS,50,1406,14.8,0.586,0.405,0.163,1.6,11.4,6.7,26,1.2,0.5,10,15.1,2.7,1.1,3.7,0.127,0.8,-0.3,0.5,0.9,morrimo01
330,Trey Murphy III,SF,22,NOP,56,1643,14.1,0.638,0.602,0.216,2.9,11.2,7,6,1.6,1.7,7.3,15.8,2.8,1.8,4.6,0.133,0.8,0.2,1,1.3,murphtr02
331,Dejounte Murray,SG,26,ATL,54,1972,17.4,0.544,0.312,0.138,2.1,14.4,8.2,24.4,2,0.8,10.5,24.7,1.6,2,3.6,0.088,1.4,0.2,1.6,1.8,murrade01
332,Jamal Murray,PG,25,DEN,45,1464,18.6,0.575,0.38,0.234,2.9,11.6,7.4,25.9,1.4,0.6,10.6,26.3,2.6,1.2,3.8,0.126,2.8,-1.4,1.4,1.3,murraja01
333,Keegan Murray,SF,22,SAC,55,1625,11.7,0.589,0.626,0.12,4.4,13.4,9,4.8,1.2,1.5,8.1,16,1.3,1.3,2.6,0.077,0,-1,-1,0.4,murrake02
334,Mike Muscala,C,31,TOT,46,698,13.9,0.605,0.705,0.175,3.6,19.5,11.5,7.6,0.8,2.6,6,16.1,1.1,0.8,1.9,0.132,0.4,-0.3,0.1,0.4,muscami01
335,Svi Mykhailiuk,SF,25,TOT,14,65,12.3,0.619,0.667,0.25,1.6,13.3,7.4,2.2,0.8,0,10.1,19.3,0,0,0.1,0.059,0.2,-1.5,-1.3,0,mykhasv01
336,Larry Nance Jr.,PF,30,NOP,48,1089,17.2,0.658,0.142,0.265,8.9,20.9,14.9,11.7,1.9,2.9,11,12.7,2.4,1.6,4,0.176,0.6,1.9,2.4,1.2,nancela02
337,Andrew Nembhard,SG,23,IND,53,1435,8.7,0.517,0.456,0.075,2.1,9.2,5.6,20.9,1.8,0.6,18,14.7,-0.2,0.9,0.7,0.023,-3.1,-0.1,-3.2,-0.4,nembhan01
338,Aaron Nesmith,SF,23,IND,53,1300,10.2,0.556,0.533,0.228,3.6,13.2,8.4,7,1.5,1.6,9.5,16.7,0.6,1,1.6,0.057,-2.5,-0.3,-2.8,-0.3,nesmiaa01
339,Raul Neto,PG,30,CLE,39,403,12.7,0.632,0.417,0.298,1.8,8.7,5.3,18.1,2,0.7,12.8,12.1,0.7,0.6,1.3,0.153,-1.5,2.4,0.8,0.3,netora01
340,Georges Niang,PF,29,PHI,55,1089,12,0.618,0.77,0.085,1.9,12.8,7.4,8.5,1,0.9,9.3,17.7,1,1,2.1,0.092,0.3,-0.8,-0.5,0.4,niangge01
341,Daishen Nix,PG,20,HOU,41,636,7,0.476,0.648,0.214,2.1,10.1,6.1,21.9,2,0.9,26.8,14.1,-0.6,0.3,-0.3,-0.025,-4.1,-0.5,-4.6,-0.4,nixda01
342,Zeke Nnaji,PF,22,DEN,44,584,13.4,0.634,0.296,0.355,11.5,8.9,10.2,2.5,1.2,2.9,10.2,14.6,1,0.6,1.5,0.127,-1.9,-1.1,-3,-0.1,nnajize01
343,Nerlens Noel,C,28,DET,14,152,10,0.465,0.067,0.333,5,22.6,13.5,6.2,4.1,5.2,18.9,11.8,-0.1,0.3,0.1,0.038,-5,2.9,-2.1,0,noelne01
344,Jaylen Nowell,SG,23,MIN,61,1201,13.9,0.528,0.375,0.163,3.2,11.9,7.6,15.5,1.5,0.3,8.7,24.8,0.2,1,1.3,0.05,-1.2,-1.1,-2.3,-0.1,nowelja01
345,Frank Ntilikina,PG,24,DAL,36,432,3.6,0.434,0.536,0.186,1.3,11.4,6.3,12.7,0.9,0.8,18.6,13.6,-0.6,0.3,-0.3,-0.039,-6.8,-1.1,-7.9,-0.6,ntilila01
346,Kendrick Nunn,SG-PG,27,TOT,50,730,10.6,0.527,0.492,0.095,1.7,9.7,5.8,12.7,1.2,0.3,11.7,22.4,-0.4,0.5,0.1,0.007,-2.4,-1.6,-4,-0.4,nunnke01
347,Jusuf Nurki?,C,28,POR,45,1227,18,0.598,0.226,0.381,9.8,30.2,20.1,16.1,1.6,2.8,17.5,22.3,1.3,1.6,2.9,0.113,-0.3,0.9,0.6,0.8,nurkiju01
348,Jordan Nwora,SF,24,TOT,40,623,9.9,0.518,0.512,0.206,5,15.3,10.3,8.5,1.1,0.9,13.3,17.7,-0.1,0.8,0.7,0.055,-2.3,-0.5,-2.8,-0.1,nworajo01
349,Royce O'Neale,SF,29,BRK,55,1837,9.2,0.547,0.692,0.1,2.4,13.3,8.1,15,1.2,1.8,16,13.3,0.4,1.7,2.1,0.056,-1.4,0.2,-1.2,0.4,onealro01
350,Chuma Okeke,SF,24,ORL,19,404,9.4,0.504,0.693,0.239,5.9,16,11,8.6,1.3,2.2,9.3,11.5,0.2,0.4,0.6,0.073,-2,0.8,-1.3,0.1,okekech01
351,Josh Okogie,SG,24,PHO,50,748,15,0.543,0.433,0.42,10.9,13,11.9,11.4,2.3,2.6,12.6,19,0.7,1,1.8,0.113,-0.4,0.7,0.3,0.4,okogijo01
352,Onyeka Okongwu,C,22,ATL,57,1365,17.7,0.659,0.014,0.33,11.9,21.3,16.5,5.7,1.3,4.6,12,14.2,3,1.8,4.8,0.169,-0.8,0.8,0,0.7,okongon01
353,Isaac Okoro,SF,22,CLE,61,1295,10.8,0.602,0.479,0.292,3.6,10.5,7.1,7.3,1.7,1.9,10.3,12.4,1.3,1.9,3.2,0.119,-1.9,1.7,-0.2,0.6,okorois01
354,KZ Okpala,PF,23,SAC,35,248,6.3,0.554,0.553,0.211,3.3,12.4,7.9,6.3,1.3,2.4,14.4,8.4,0.1,0.2,0.3,0.06,-4.4,1.1,-3.3,-0.1,okpalkz01
355,Victor Oladipo,SG,30,MIA,26,739,11.8,0.509,0.481,0.219,1.9,12.6,7,20.5,2.9,0.8,14.4,19.9,-0.3,1.1,0.9,0.057,-2.8,1.6,-1.2,0.1,oladivi01
356,Kelly Olynyk,C,31,UTA,48,1353,14.1,0.638,0.44,0.364,4.9,15.7,10.3,15.9,1.6,1.7,18.7,17.4,1.9,1.2,3,0.108,-0.5,0.7,0.2,0.7,olynyke01
357,Eugene Omoruyi,SF,25,OKC,23,272,10.7,0.531,0.33,0.298,8.6,12.1,10.3,5.5,2.4,0,13.1,18.8,0,0.3,0.3,0.054,-4.3,-0.6,-4.8,-0.2,omorueu01
358,Cedi Osman,SF,27,CLE,58,1218,11.9,0.574,0.564,0.2,1.7,10.8,6.3,10.6,1.3,0.5,8.5,18.2,1,1.5,2.5,0.1,-1.2,0.5,-0.7,0.4,osmande01
359,Kelly Oubre Jr.,SF,27,CHO,35,1141,14.4,0.515,0.417,0.224,4.7,12.2,8.3,5.8,2.3,1,6,26.6,-0.1,1,0.8,0.035,-0.7,-1,-1.7,0.1,oubreke01
360,Chris Paul,PG,37,PHO,39,1247,17.6,0.546,0.376,0.283,1.3,13.7,7.4,39.7,2.4,1.3,14.2,19.5,2.3,1.7,3.9,0.152,1.8,1.4,3.1,1.6,paulch01
361,Cameron Payne,PG,28,PHO,28,671,13.6,0.516,0.412,0.159,1.5,9.3,5.3,32.8,1.8,0.7,14.3,24.5,0.2,0.7,0.9,0.061,-0.3,-0.9,-1.1,0.2,payneca01
362,Gary Payton II,PG,30,POR,15,255,11.5,0.713,0.415,0.098,4.6,13.1,8.9,11.5,3.1,0.3,21.9,9.4,0.3,0.3,0.6,0.108,-2,1.5,-0.4,0.1,paytoga02
363,Theo Pinson,SG,27,DAL,32,232,8.4,0.501,0.712,0.186,4,15.1,9.4,16.7,0.6,0.4,12.4,14.3,0.1,0.1,0.2,0.05,-2.7,-1.4,-4.1,-0.1,pinsoth01
364,Scotty Pippen Jr.,PG,22,LAL,6,32,9.7,0.439,0.25,0.75,6.9,6.5,6.7,8.2,2.9,2.6,11.1,23.7,-0.1,0,0,-0.024,-5,-1,-6,0,pippesc02
365,Mason Plumlee,C,32,TOT,58,1632,20.3,0.678,0,0.655,11.9,24.4,17.9,18.5,1.1,2,14.6,15.4,4.6,1.6,6.2,0.182,1.7,0.8,2.5,1.9,plumlma01
366,Jakob Poeltl,C,27,TOT,49,1278,20.2,0.634,0.002,0.33,13.3,24.9,18.8,16.6,1.5,4,17.6,18.6,2.1,1.1,3.2,0.121,0.6,0.3,0.9,0.9,poeltja01
367,Aleksej Pokusevski,PF,21,OKC,31,677,14.1,0.53,0.416,0.136,7,18.1,12.5,12.4,1.4,5.5,13.7,18.4,0.1,1,1.1,0.077,-0.5,1.1,0.6,0.4,pokusal01
368,Jordan Poole,PG,23,GSW,58,1778,14.4,0.574,0.492,0.29,1.5,8.6,5.1,22.5,1.2,0.7,15.4,29.5,0.5,1.2,1.7,0.045,-0.2,-2,-2.2,-0.1,poolejo01
369,Kevin Porter Jr.,PG,22,HOU,40,1359,15.4,0.551,0.413,0.299,4.4,13.1,8.8,26.4,1.9,1.1,17,25.5,0.5,0.8,1.3,0.046,0.8,-0.8,-0.1,0.7,porteke02
370,Michael Porter Jr.,SF,24,DEN,42,1234,15.6,0.608,0.555,0.148,3.8,17,10.6,4.9,1.1,1.5,7.5,22.1,1.4,1.2,2.7,0.104,0.9,-1.8,-0.9,0.3,portemi01
371,Otto Porter Jr.,SF,29,TOR,8,146,14.1,0.656,0.567,0.267,4.3,10.9,7.4,7.3,3.7,0,10.7,10.9,0.2,0.2,0.4,0.138,-1.2,1.8,0.6,0.1,porteot01
372,Bobby Portis,PF,27,MIL,47,1258,18.6,0.571,0.302,0.124,10.2,28.2,19.5,10.6,0.8,0.7,9,21.8,1.9,2.1,3.9,0.149,1.6,-0.3,1.3,1,portibo01
373,Kristaps Porzi??is,C,27,WAS,50,1627,22.7,0.62,0.353,0.458,6.8,21.9,14.7,12.1,1.3,3.9,10.6,27.4,3.7,2.2,6,0.176,3.4,0.3,3.7,2.4,porzikr01
374,Micah Potter,PF,24,UTA,3,14,17,1,0,0,7.9,15.5,11.7,19.4,0,0,0,6,0.1,0,0.1,0.233,2.3,1.5,3.8,0,pottemi01
375,Dwight Powell,C,31,DAL,55,1083,15.7,0.744,0.015,0.67,12,13.7,12.8,6,1.6,1.9,16.6,12.6,2.9,1,3.9,0.172,-1.3,0,-1.3,0.2,poweldw01
376,Norman Powell,SG,29,LAC,50,1292,18.1,0.623,0.414,0.387,1.7,11.6,6.7,11.1,1.6,1.1,10.7,25.9,2.1,1.3,3.4,0.126,1.7,-0.5,1.2,1,powelno01
377,Jason Preston,PG,23,LAC,13,122,10.7,0.489,0.439,0.049,1.8,18.2,10.1,32.2,0.8,0,19.3,18.6,0,0.1,0.1,0.026,-2.1,-0.5,-2.6,0,prestja01
378,Joshua Primo,SG,20,SAS,4,93,6.2,0.467,0.462,0.346,2.3,13.7,7.7,24.4,0.5,1.8,26.9,18.2,-0.2,0,-0.1,-0.074,-4.6,-1.8,-6.4,-0.1,primojo01
379,Taurean Prince,SF,28,MIN,37,787,10.6,0.623,0.534,0.153,1.6,11,6.4,10.3,1.1,1.6,15.2,16.1,0.5,0.7,1.1,0.068,-1.9,-0.3,-2.2,0,princta02
380,Payton Pritchard,PG,25,BOS,42,536,9,0.518,0.622,0.067,4.4,8.3,6.4,11.8,1.3,0.2,13.1,18.7,-0.2,0.5,0.3,0.031,-3,-1.1,-4.1,-0.3,pritcpa01
381,Trevelin Queen,SG,25,IND,7,70,6.1,0.337,0.517,0.172,12.6,14.2,13.4,11.4,1.4,6.3,18.3,22.8,-0.3,0.1,-0.2,-0.127,-5.6,-1.5,-7.1,-0.1,queentr01
382,Neemias Queta,C,23,SAC,4,25,17.8,0.676,0,0.25,18.7,22.7,20.7,6.1,0,3.4,10.1,17,0.1,0,0.1,0.165,-2.4,-0.7,-3.1,0,quetane01
383,Immanuel Quickley,PG,23,NYK,59,1636,14.6,0.562,0.479,0.247,2.6,13.1,7.8,16.6,1.5,0.5,8.7,19.1,2.6,1.5,4.1,0.12,0.3,0.4,0.7,1.1,quickim01
384,Julius Randle,PF,28,NYK,60,2152,20.8,0.58,0.436,0.385,6.5,25.9,16.2,18.8,0.9,0.8,11.7,28.9,4.1,2.7,6.8,0.151,4.1,0,4.1,3.3,randlju01
385,Austin Reaves,SG,24,LAL,41,1144,11.7,0.647,0.491,0.427,2.4,8.8,5.7,10.1,0.9,1.1,14,14.2,1.5,0.7,2.2,0.093,-1.2,-0.1,-1.3,0.2,reaveau01
386,Cam Reddish,SF,23,TOT,23,507,11.4,0.568,0.448,0.209,1.7,6.3,4,7.1,1.8,1.7,8.2,16.4,0.4,0.4,0.9,0.081,-1.8,-0.2,-2,0,reddica01
387,Davon Reed,SG,27,TOT,37,325,6,0.474,0.549,0.244,3.7,16.3,10.2,7.4,1.9,1.1,18.1,14.8,-0.4,0.4,0,0.002,-5.2,-0.3,-5.5,-0.3,reedda01
388,Paul Reed,C,23,PHI,44,422,16.4,0.603,0.039,0.214,15.2,24,19.6,4.8,3.4,6.1,18.7,14.6,0.4,1,1.4,0.156,-3.6,2.3,-1.3,0.1,reedpa01
389,Naz Reid,C,23,MIN,53,939,17.5,0.606,0.38,0.203,7.4,22.3,15,8.8,1.5,4.3,13.3,23.3,0.7,1.4,2.1,0.105,-0.6,0.5,-0.1,0.5,reidna01
390,Jared Rhoden,SG,23,DET,1,12,-3,0.333,0.333,0,0,9.6,4.6,0,0,0,0,10.6,0,0,0,-0.088,-12.5,-4.3,-16.8,0,rhodeja01
391,Nick Richards,C,25,CHO,45,776,19,0.66,0,0.569,14.8,20.8,17.7,4.1,0.6,4.9,12.5,16.7,1.9,0.7,2.6,0.16,-0.6,-0.9,-1.6,0.1,richani01
392,Josh Richardson,SG,29,TOT,44,1050,13.9,0.553,0.508,0.162,3,10.3,6.6,18.9,2.1,1.1,12.6,20.4,0.7,0.5,1.1,0.05,-0.1,-0.8,-0.9,0.3,richajo01
393,Austin Rivers,SG,30,MIN,46,955,8.1,0.593,0.591,0.181,0.5,8.6,4.7,9.2,1.4,0.3,9.5,10.3,0.7,0.7,1.4,0.072,-2.9,0.5,-2.4,-0.1,riverau01
394,Jeremiah Robinson-Earl,PF,22,OKC,28,585,14.7,0.584,0.437,0.175,9.6,15.3,12.4,5.7,1.7,1.7,7.5,15.2,0.9,0.7,1.6,0.131,0.1,-0.2,0,0.3,robinje02
395,Duncan Robinson,SF,28,MIA,29,524,7.7,0.524,0.807,0.122,1.7,11.3,6.3,9.8,0.9,0,9.1,17.6,0,0.5,0.5,0.044,-3.4,-1.5,-4.8,-0.4,robindu01
396,Mitchell Robinson,C,24,NYK,38,1022,18.9,0.658,0,0.44,17.3,18.3,17.8,4.9,1.7,6.3,7.9,9.5,2.8,1.6,4.4,0.206,1,1.6,2.6,1.2,robinmi01
397,Orlando Robinson,C,22,MIA,29,397,13.7,0.572,0.058,0.337,12.3,22.6,17.2,7.6,1.5,3.1,13.2,12.6,0.5,0.6,1.1,0.138,-2.9,0.9,-2,0,robinor01
398,Isaiah Roby,PF,24,SAS,42,474,9.4,0.497,0.387,0.265,4.7,21,12.5,10.7,1.8,1.2,15.2,17.8,-0.4,0.3,-0.1,-0.011,-4,-0.8,-4.7,-0.3,robyis01
399,David Roddy,PF,21,MEM,46,817,7.9,0.509,0.502,0.181,4,11.8,7.9,4.8,1.3,1.3,13.1,16.5,-0.5,1,0.5,0.032,-3.9,-0.3,-4.2,-0.5,roddyda01
400,Ryan Rollins,PG,20,GSW,12,62,-1.4,0.508,0.45,0.3,5.4,15.8,10.7,12.4,0.8,1.4,41.4,26.2,-0.3,0.1,-0.3,-0.223,-11.4,-3.8,-15.2,-0.2,rolliry01
401,Derrick Rose,PG,34,NYK,26,336,10.8,0.474,0.387,0.077,2.6,10.3,6.4,20.5,1,1.4,12.1,23.3,-0.2,0.3,0.1,0.011,-1.8,-1.4,-3.2,-0.1,rosede01
402,Terrence Ross,SG,31,TOT,43,969,8.9,0.537,0.532,0.07,1.3,9.1,5.2,8.7,1.3,0.8,10.2,16.2,-0.1,0.7,0.6,0.031,-2.5,-0.6,-3,-0.2,rosste01
403,Terry Rozier,SG,28,CHO,49,1746,15.2,0.522,0.425,0.182,2.8,10.2,6.4,21.5,1.4,0.7,9.2,26.8,0.6,0.9,1.5,0.041,1.1,-1.6,-0.6,0.6,roziete01
404,Ricky Rubio,PG,32,CLE,14,235,13.8,0.456,0.582,0.253,1.5,15.9,8.8,30.6,3.2,0.8,10.2,18.7,0.1,0.5,0.6,0.117,-2.4,2.6,0.2,0.1,rubiori01
405,D'Angelo Russell,PG,26,TOT,57,1869,16.3,0.602,0.515,0.235,1.8,8.5,5.3,27,1.5,1,15.2,22.8,2.6,1.5,4.1,0.105,2,-0.8,1.2,1.5,russeda01
406,Matt Ryan,SF,25,TOT,32,303,8.4,0.543,0.776,0.112,1.5,7.4,4.5,6.6,0.8,0.3,5.9,16.7,0.1,0.2,0.3,0.043,-1.7,-1.6,-3.3,-0.1,ryanma01
407,Domantas Sabonis,C,26,SAC,55,1904,23,0.67,0.104,0.479,10,30.5,20.4,28.9,1.2,1.1,17,21,6.5,2.2,8.7,0.219,3.6,1.8,5.4,3.6,sabondo01
408,Dario ari?,PF,28,TOT,38,547,12.8,0.555,0.391,0.255,7.9,22.3,14.9,14.5,1.3,0.8,15.7,18.9,0.3,0.7,1,0.09,-2.1,0.4,-1.8,0,saricda01
409,Jordan Schakel,SF,24,WAS,2,6,24.4,0.75,0.5,0,0,0,0,23.6,8.1,0,0,14.5,0,0,0,0.32,7.8,9.4,17.3,0,schakjo01
410,Admiral Schofield,PF,25,ORL,27,350,11.7,0.613,0.587,0.207,6.2,10.7,8.5,9.3,0.8,0.8,5.6,13.2,0.7,0.2,0.9,0.127,-1.2,-0.4,-1.6,0,schofad01
411,Dennis Schröder,PG,29,LAL,45,1379,11.2,0.556,0.364,0.38,1,7.9,4.6,18.1,1.1,0.3,12.4,17.5,1,0.9,1.9,0.066,-2.5,-0.6,-3.2,-0.4,schrode01
412,Dereon Seabron,SG,22,NOP,5,12,4.6,0.4,0,0,9.3,0,4.7,0,0,0,0,17.7,0,0,0,-0.034,-6.5,-4.9,-11.5,0,seabrde01
413,Alperen ?engün,C,20,HOU,53,1498,20.5,0.614,0.068,0.385,12.2,21.7,16.9,21.1,1.4,3.3,16.9,21.7,2.8,1.3,4.1,0.131,1.4,0.4,1.8,1.5,sengual01
414,Collin Sexton,SG,24,UTA,47,1129,16.2,0.62,0.258,0.434,3.6,6.4,5,17.8,1.1,0.4,13.4,23.2,2.2,0.4,2.6,0.11,0.3,-1.5,-1.2,0.2,sextoco01
415,Landry Shamet,SG,25,PHO,30,642,11.1,0.546,0.669,0.186,1.4,7.6,4.4,14.5,1.4,0.7,10,19.3,0.4,0.6,1,0.073,-0.7,-0.5,-1.1,0.1,shamela01
416,Day'Ron Sharpe,C,21,BRK,32,327,15.4,0.572,0.06,0.27,19.2,23.4,21.4,9.8,0.7,4.2,19.4,19,0.3,0.4,0.8,0.111,-3.1,-1,-4.1,-0.2,sharpda01
417,Shaedon Sharpe,SG,19,POR,57,1157,10.3,0.565,0.423,0.127,4.5,10,7.3,4.6,0.9,1.1,8.5,16.5,0.6,0.5,1.1,0.045,-1.8,-1.9,-3.6,-0.5,sharpsh01
418,Pascal Siakam,C,28,TOR,49,1845,21,0.571,0.218,0.397,5.3,19.2,11.7,26.3,1.1,1.4,10.4,27.9,4,1.5,5.5,0.144,3.8,-0.5,3.3,2.5,siakapa01
419,Chris Silva,PF,26,DAL,1,3,-2.1,1,0,0,0,0,0,0,0,0,50,30.3,0,0,0,-0.261,-22.6,-0.1,-22.7,0,silvach01
420,Ben Simmons,PG,26,BRK,42,1105,13.6,0.559,0.009,0.243,4.3,22.1,13.5,30.5,2.4,1.9,27.2,14.4,0.6,1.7,2.3,0.099,-2.1,2.5,0.4,0.7,simmobe01
421,Marko Simonovic,C,23,CHI,3,5,-10.7,0,1,0,0,0,0,0,0,0,0,8.7,0,0,0,-0.201,-16,-5.9,-21.9,0,simonma01
422,Anfernee Simons,SG,23,POR,56,1990,15.2,0.587,0.543,0.169,0.9,7.8,4.4,18.7,1,0.6,10.6,25,2.5,0.7,3.2,0.077,1.5,-2.2,-0.7,0.6,simonan01
423,Jericho Sims,C,24,NYK,47,767,14.2,0.774,0.01,0.154,13,19.3,16.2,4.2,1,3.3,17.8,7.6,1.6,0.9,2.5,0.159,-1,0.5,-0.5,0.3,simsje01
424,Marcus Smart,PG,28,BOS,42,1360,12.9,0.546,0.562,0.185,2.5,9.3,5.9,30,2.1,1.1,18.8,16.9,1.2,1.8,3,0.106,-1.1,0.6,-0.5,0.5,smartma01
425,Dennis Smith Jr.,PG,25,CHO,38,951,11.2,0.484,0.237,0.201,1.7,10.3,5.8,24.2,2.6,1.6,15.1,17.1,-0.3,0.9,0.6,0.029,-3.9,0.8,-3.1,-0.3,smithde03
426,Dru Smith,SG,25,TOT,8,97,11.1,0.478,0.435,0,1.1,16.8,8.9,14.3,4.1,3.2,8,11.4,0,0.2,0.2,0.103,-4.4,4.6,0.2,0.1,smithdr01
427,Ish Smith,PG,34,DEN,30,311,6.7,0.43,0.061,0.02,1.5,13.8,7.9,30,0.9,1.7,26.1,18.7,-0.6,0.3,-0.3,-0.046,-5.4,-1.2,-6.6,-0.4,smithis01
428,Jabari Smith Jr.,PF,19,HOU,55,1646,10.1,0.503,0.487,0.228,4.7,21,12.8,5.8,0.8,3.1,11,18.5,-0.4,1.1,0.7,0.021,-3.1,-1.1,-4.2,-0.9,smithja05
429,Jalen Smith,PF,22,IND,51,928,15.2,0.553,0.4,0.267,10.6,23.3,16.9,7.8,0.9,3.7,12,21.5,0.5,1,1.4,0.075,-1.3,-0.9,-2.2,-0.1,smithja04
430,Jeremy Sochan,PF,19,SAS,48,1242,10.7,0.506,0.246,0.202,6.9,14.4,10.5,13.3,1.4,1.5,14.9,18.6,-0.4,0.4,0,0,-2.9,-1.4,-4.3,-0.7,sochaje01
431,Jaden Springer,SG,20,PHI,7,26,26.1,0.618,0,0.333,18.2,13.4,15.8,6.8,3.8,7.1,6.8,25.3,0.1,0.1,0.1,0.253,-1.1,2.6,1.6,0,sprinja01
432,Lamar Stevens,PF,25,CLE,42,739,8.9,0.53,0.332,0.189,3.7,16,9.9,3.9,1,1.7,8.9,13.7,0.1,1.1,1.1,0.073,-3.2,0.3,-2.9,-0.2,stevela01
433,Isaiah Stewart,C,21,DET,48,1368,13.1,0.559,0.46,0.337,8.8,23,15.7,7.1,0.7,2.1,11.9,17.4,1,0.8,1.8,0.064,-1,-1.4,-2.3,-0.1,stewais01
434,Max Strus,SF,26,MIA,57,1722,10.9,0.546,0.701,0.12,2.6,11.6,6.9,11,1.1,0.5,8,18.3,0.9,1.8,2.6,0.073,-1.1,-0.6,-1.6,0.2,strusma01
435,Jalen Suggs,PG,21,ORL,34,781,12.8,0.532,0.474,0.284,4.4,8.9,6.6,21.9,2.7,2,17.7,20.3,-0.1,0.9,0.9,0.053,-1.8,0.9,-0.9,0.2,suggsja01
436,Edmond Sumner,SG,27,BRK,46,669,14.4,0.594,0.329,0.386,2,10,6.1,13.9,2.2,1.2,13.3,22.1,0.6,0.7,1.3,0.092,-2.1,-0.1,-2.2,0,sumneed01
437,Cole Swider,SF,23,LAL,6,40,7.7,0.5,0.889,0,2.8,15.5,9.4,12.3,0,0,0,9.5,0,0,0.1,0.075,-2.8,-0.7,-3.5,0,swideco01
438,Jae'Sean Tate,SF,27,HOU,20,420,9.9,0.509,0.193,0.274,8.3,11.7,10,17.9,1.3,0.9,17.9,18.1,0,0.2,0.1,0.012,-3.9,-1.4,-5.3,-0.4,tateja01
439,Jayson Tatum,PF,24,BOS,55,2051,24,0.608,0.435,0.401,3.1,21.9,12.7,20.6,1.4,1.8,10.3,32.9,4.9,3.1,7.9,0.186,5,0.5,5.5,3.9,tatumja01
440,Terry Taylor,PF,23,IND,26,228,8.8,0.507,0.277,0.108,10.6,8.2,9.4,6.1,0.6,1.9,11.7,14.2,0,0.1,0.1,0.028,-3.5,-1.8,-5.3,-0.2,taylote01
441,Garrett Temple,SG,36,NOP,18,129,11.3,0.571,0.6,0.114,1.7,7.9,4.8,10.3,3.4,0.7,7.5,13.1,0.1,0.2,0.3,0.111,-2.7,2.3,-0.4,0.1,templga01
442,Dalen Terry,SG,20,CHI,23,115,10.1,0.441,0.324,0.162,6.9,9.6,8.3,16.4,1.7,3.3,13.1,17.4,-0.1,0.1,0,0.02,-2.6,0.5,-2.1,0,terryda01
443,Daniel Theis,C,30,IND,6,93,12.4,0.495,0.216,0.27,4.7,15.4,10.1,9.8,0.5,3.8,4.6,19.5,0,0.1,0.1,0.032,-1.9,-0.8,-2.8,0,theisda01
444,Cam Thomas,SG,21,BRK,41,679,16.4,0.584,0.274,0.421,1,10.2,5.8,14.2,1.1,0.6,10.2,27.8,0.7,0.5,1.1,0.081,0.1,-1.7,-1.6,0.1,thomaca02
445,Klay Thompson,SG,32,GSW,46,1508,14,0.557,0.578,0.109,2.3,10.6,6.5,11.5,0.9,0.9,8,26.8,0.5,1,1.5,0.047,0.8,-2.2,-1.4,0.2,thompkl01
446,JT Thor,PF,20,CHO,47,506,6,0.463,0.508,0.246,5.1,12.4,8.6,4.6,1,1.9,14.4,12.6,-0.4,0.3,-0.1,-0.011,-4.9,-1,-5.8,-0.5,thorjt01
447,Matisse Thybulle,SG,25,TOT,51,648,10.3,0.544,0.558,0.093,3.8,8.8,6.3,5.3,3.8,2.4,6.9,9.9,0.3,1.1,1.4,0.104,-3.3,3.3,0,0.3,thybuma01
448,Xavier Tillman Sr.,PF,24,MEM,38,560,17.1,0.611,0.074,0.4,12.6,14.6,13.6,9.7,2.4,2.2,11.2,13.1,1.1,0.9,2,0.172,0.3,1.5,1.8,0.5,tillmxa01
449,Isaiah Todd,PF,21,WAS,4,13,-3.2,0.25,0.75,0,0,0,0,0,0,0,0,13.4,0,0,0,-0.159,-8,-5.6,-13.5,0,toddis01
450,Obi Toppin,PF,24,NYK,45,669,12.4,0.536,0.592,0.122,3.4,19.1,11.2,8.2,1,1,7.3,18.6,0.5,0.7,1.2,0.084,-0.2,-0.6,-0.7,0.2,toppiob01
451,Juan Toscano-Anderson,SF,29,TOT,31,390,7.9,0.567,0.31,0.211,4.2,15,9.8,8.4,1.3,1.5,18.8,10.3,0.1,0.4,0.4,0.054,-4.2,1.1,-3.2,-0.1,toscaju01
452,Karl-Anthony Towns,PF,27,MIN,21,709,19.3,0.625,0.386,0.343,5.7,21.3,13.6,23.3,1.1,1.8,15.7,24.9,1.3,0.8,2.1,0.145,2.4,1,3.3,1,townska01
453,Gary Trent Jr.,SG,24,TOR,50,1682,15.5,0.571,0.484,0.237,1.2,8,4.3,7.3,2.4,0.8,5.3,21.8,2.3,1.4,3.7,0.107,0.4,-0.2,0.2,0.9,trentga02
454,P.J. Tucker,PF,37,PHI,55,1415,5.4,0.57,0.582,0.114,5.9,11.7,8.8,3.9,0.9,0.8,17.8,6.4,0.6,1.3,1.8,0.062,-3.6,0.1,-3.5,-0.5,tuckepj01
455,Myles Turner,C,26,IND,50,1489,19.9,0.644,0.352,0.383,5.8,23.7,14.7,6.9,1,6.9,10.6,21.4,2.7,1.9,4.6,0.149,1.4,0.8,2.2,1.6,turnemy01
456,Stanley Umude,SG,23,DET,1,2,65.6,0.532,1,2,0,0,0,0,24.1,44,0,39.8,0,0,0,0.623,15.7,32.6,48.4,0,umudest01
457,Jonas Valan?i?nas,C,30,NOP,58,1433,19.5,0.61,0.149,0.28,13,31.5,22.2,10.5,0.5,1.8,13.9,23.6,2.3,2,4.3,0.144,0.4,-0.9,-0.5,0.6,valanjo01
458,Jarred Vanderbilt,PF,23,TOT,55,1321,16.5,0.613,0.175,0.326,10.4,24.8,17.7,15.5,2.1,1,15.9,14,2.4,1.6,4,0.146,0.2,1.6,1.7,1.2,vandeja01
459,Fred VanVleet,PG,28,TOR,50,1847,16.9,0.541,0.534,0.262,1.4,12.7,6.6,26.3,2.1,1.6,9.4,23.2,2.8,1.7,4.6,0.119,2.1,0.2,2.4,2,vanvlfr01
460,Devin Vassell,SG,22,SAS,29,907,16.6,0.562,0.438,0.188,0.7,13.9,7,17.3,1.8,1.1,8.2,24.9,0.9,0.4,1.2,0.065,2.1,-1,1.1,0.7,vassede01
461,Gabe Vincent,PG,26,MIA,45,1183,9.3,0.535,0.621,0.166,1.7,8.7,5,14.6,1.8,0.3,13.8,18.1,-0.2,1.3,1.2,0.047,-3.2,0,-3.2,-0.3,vincega01
462,Noah Vonleh,C,27,BOS,23,171,6,0.502,0.167,0.083,11.8,19,15.4,5.1,0.6,4,30.7,9.2,0,0.2,0.2,0.058,-6.9,0.5,-6.3,-0.2,vonleno01
463,Nikola Vu?evi?,C,32,CHI,59,2004,19.3,0.594,0.328,0.134,7,30.5,18.9,15,1,2.3,10.3,21.6,3,3,6,0.144,2.2,0.7,2.9,2.5,vucevni01
464,Dean Wade,PF,26,CLE,31,671,9.6,0.595,0.705,0.174,2.9,17.4,10.2,5.5,1.6,2.1,8.4,10.4,0.5,1.1,1.7,0.119,-2,2.4,0.4,0.4,wadede01
465,Franz Wagner,SF,21,ORL,58,1924,15.9,0.588,0.317,0.292,3.2,10.3,6.8,17.1,1.4,0.6,11.7,23.8,2.3,1.5,3.8,0.095,0.5,-0.8,-0.3,0.9,wagnefr01
466,Moritz Wagner,C,25,ORL,38,799,17.8,0.63,0.433,0.454,7.6,18.1,12.8,12.2,1.8,1.1,12.2,20.9,1.7,0.9,2.6,0.157,0.7,0.4,1.1,0.6,wagnemo01
467,Ish Wainright,SF,28,PHO,42,653,9.8,0.532,0.742,0.132,5.8,9.6,7.7,8.6,2.6,1.8,10.1,12.2,0.4,0.9,1.3,0.095,-2.8,2,-0.8,0.2,wainris01
468,Jabari Walker,SF,20,POR,38,335,10.8,0.521,0.258,0.326,11.2,16.5,13.9,8.2,0.6,1.6,12.1,15.1,0.3,0.2,0.4,0.063,-2.8,-1.7,-4.4,-0.2,walkeja01
469,Kemba Walker,PG,32,DAL,9,144,15.3,0.543,0.491,0.368,2.4,10.9,6.6,20.5,0.7,1.3,5.7,22.2,0.2,0.1,0.3,0.104,0.3,-0.7,-0.3,0.1,walkeke02
470,Lonnie Walker IV,SG,24,LAL,42,1123,12.2,0.575,0.454,0.196,1.3,7,4.2,7,1.1,1.1,7.3,19.5,0.8,0.7,1.5,0.064,-1,-0.7,-1.7,0.1,walkelo01
471,John Wall,PG,32,LAC,34,755,14,0.498,0.322,0.334,2.1,11.5,6.8,36.2,1.8,1.4,17.1,27.1,-0.4,0.8,0.4,0.027,-0.7,-0.5,-1.2,0.1,walljo01
472,T.J. Warren,PF-SF,29,TOT,28,505,14.7,0.579,0.239,0.161,3.3,13.7,8.7,8.5,1.5,1.2,7.2,20.9,0.4,0.5,0.9,0.087,-1.2,-0.6,-1.8,0,warretj01
473,Duane Washington Jr.,SG,22,PHO,31,394,9.5,0.458,0.434,0.094,0.6,9.8,5.1,25.7,0.7,0.9,11.3,32.5,-0.8,0.3,-0.5,-0.063,-1.7,-2.8,-4.5,-0.3,washidu02
474,P.J. Washington,PF,24,CHO,59,1940,12.8,0.544,0.446,0.179,3.2,12.3,7.6,10.7,1.3,3,9.1,19.5,0.7,1.4,2.2,0.054,-0.8,-0.5,-1.3,0.4,washipj01
475,TyTy Washington Jr.,PG,21,HOU,23,292,6.5,0.41,0.45,0.099,0.7,10.9,5.8,16.4,1.5,0.3,7.2,17.7,-0.3,0.1,-0.2,-0.029,-5.8,-1.2,-7,-0.4,washity02
476,Yuta Watanabe,SF,28,BRK,43,772,13.2,0.672,0.563,0.203,4,11.9,8.1,6.6,1.2,1.7,7.5,13.1,1.4,0.7,2,0.127,0.6,-0.4,0.2,0.4,watanyu01
477,Lindy Waters III,SG,25,OKC,23,256,11.2,0.563,0.928,0.084,2.9,12,7.4,8.1,1.3,2.1,6.5,15,0.2,0.2,0.5,0.092,0.3,-0.3,0,0.1,waterli01
478,Trendon Watford,PF,22,POR,42,680,12.3,0.649,0.219,0.404,4.7,19.1,12,14.1,1.1,0.8,18.4,14,0.9,0.5,1.4,0.097,-1.5,0,-1.5,0.1,watfotr01
479,Peyton Watson,SG,20,DEN,12,38,12.3,0.531,0.118,0.118,9.5,14.9,12.3,3.9,0,2.4,10.1,22.7,0,0,0,0.007,-2.6,-4.2,-6.8,0,watsope01
480,Blake Wesley,SG,19,SAS,15,196,2.4,0.445,0.288,0.167,1.1,10.6,5.7,13.4,1.2,0.4,22,19.2,-0.5,0,-0.5,-0.121,-8.4,-2.7,-11,-0.4,weslebl01
481,Russell Westbrook,PG,34,LAL,52,1491,15.5,0.496,0.292,0.326,4.4,18.2,11.5,38.3,1.7,1.3,18.1,28.8,-1.2,1.7,0.5,0.017,-0.2,-0.1,-0.3,0.6,westbru01
482,Coby White,SG,22,CHI,51,1135,11,0.548,0.609,0.137,1.1,12.3,6.8,12.2,1.6,0.4,9.1,17.4,0.4,1.2,1.6,0.066,-1.9,0.1,-1.8,0.1,whiteco01
483,Derrick White,SG,28,BOS,59,1636,15.1,0.593,0.521,0.246,2.2,10.8,6.6,19.6,1.3,2.8,9.7,17.3,2.9,2.1,5,0.148,0.9,1.3,2.1,1.7,whitede01
484,Jack White,SF,25,DEN,14,43,5.9,0.416,0.429,0.071,8.4,10.5,9.5,0,1.1,4.2,6.5,15.6,0,0,0,-0.001,-6.9,-2.4,-9.3,-0.1,whiteja03
485,Joe Wieskamp,SF,23,TOR,2,17,15.7,0.9,0.8,0,0,0,0,8.6,0,0,16.7,15,0,0,0,0.127,5.3,-3.1,2.1,0,wieskjo01
486,Aaron Wiggins,SG,24,OKC,46,846,11.9,0.608,0.356,0.212,6,12.7,9.3,9.6,1.2,0.9,13.2,13.8,1,0.7,1.8,0.1,-1.4,-0.8,-2.2,0,wiggiaa01
487,Andrew Wiggins,SF,27,GSW,37,1190,14.8,0.564,0.425,0.136,5.8,11.5,8.7,10.5,1.8,2.1,7.9,21.5,0.9,1.2,2.1,0.086,-0.1,-0.5,-0.6,0.4,wiggian01
488,Alondes Williams,SG,23,BRK,1,5,-21,,,,0,21.9,11.4,0,0,0,100,17.8,-0.1,0,-0.1,-0.519,-21.1,-5.5,-26.6,0,willial06
489,Grant Williams,PF,24,BOS,58,1616,10.7,0.622,0.587,0.257,4.4,14.4,9.5,8.7,1.1,1.2,13.9,12.8,1.7,1.9,3.6,0.108,-1.5,0.7,-0.8,0.5,willigr01
490,Jalen Williams,SG,21,OKC,53,1539,13.6,0.579,0.278,0.212,3.3,12.1,7.7,13.6,2,1.7,13,17.4,1.2,1.7,3,0.093,-1.5,0.5,-1,0.4,willija06
491,Jaylin Williams,PF,20,OKC,25,393,12.3,0.568,0.374,0.196,5.7,25.9,15.6,11.6,1.2,0.9,12.1,14.1,0.4,0.5,0.9,0.109,-1.8,0.2,-1.5,0,willija07
492,Kenrich Williams,PF,28,OKC,49,1101,14.8,0.591,0.397,0.103,8.9,14.9,11.9,11.7,1.6,1.2,7.7,13.3,2,1.2,3.2,0.14,0.6,0.2,0.8,0.8,willike04
493,Mark Williams,C,21,CHO,29,461,20.9,0.664,0,0.457,10.9,26.9,18.6,2.6,2.2,6.5,11.7,17,0.9,0.8,1.7,0.175,-0.7,0.9,0.2,0.3,willima07
494,Patrick Williams,PF,21,CHI,59,1715,10.7,0.569,0.417,0.146,3.8,12.9,8.4,6.2,1.4,2.5,12.9,15.4,0.2,2,2.2,0.062,-1.9,0.3,-1.7,0.1,willipa01
495,Robert Williams,C,25,BOS,23,543,20.6,0.74,0.008,0.193,15,26.3,20.7,10,1.1,4.1,14.6,12.2,1.7,0.9,2.6,0.231,1.7,1.9,3.6,0.8,williro04
496,Vince Williams Jr.,SG,22,MEM,9,49,4.2,0.269,0.692,0,4.3,10.7,7.5,7.3,3.9,1.8,7.1,11.7,-0.1,0.1,0,-0.001,-7.5,3.3,-4.3,0,willivi01
497,Ziaire Williams,SF,21,MEM,28,486,6.5,0.502,0.509,0.107,2.4,12.5,7.5,6.5,1.2,0.9,14.8,16.5,-0.4,0.6,0.1,0.014,-5.3,-0.6,-5.8,-0.5,willizi02
498,Zion Williamson,PF,22,NOP,29,956,25.3,0.652,0.041,0.529,6.8,17,11.9,24.3,1.6,1.6,14.6,30.1,2.4,1.2,3.6,0.181,4.9,0.9,5.7,1.9,willizi01
499,Justise Winslow,SF,26,POR,29,776,9.4,0.466,0.227,0.141,7.4,14.2,10.8,17,1.9,1.3,17,14.3,0,0.6,0.6,0.036,-3.3,0.8,-2.6,-0.1,winslju01
500,James Wiseman,C,21,TOT,22,286,16.9,0.647,0.029,0.388,7.8,22.2,15.1,7.4,0.5,2.2,10.4,19.8,0.5,0.3,0.8,0.133,-1.3,-1,-2.3,0,wisemja01
501,Christian Wood,C,27,DAL,48,1329,21.1,0.634,0.379,0.338,5.7,28.8,17,11,0.8,3.8,12.2,26.1,2.2,1.7,3.9,0.139,2.3,-0.2,2.1,1.3,woodch01
502,Delon Wright,PG,30,WAS,29,653,15.4,0.55,0.433,0.207,5.3,10.2,7.9,21.3,4.3,1,14.6,12.7,0.8,1,1.8,0.136,-0.7,3.8,3.1,0.8,wrighde01
503,McKinley Wright IV,PG,24,DAL,20,206,11.5,0.529,0.286,0.224,3.4,11.7,7.5,25.8,1.7,1.3,18.2,14.5,0.1,0.2,0.3,0.073,-2.6,-0.4,-3,-0.1,wrighmc01
504,Thaddeus Young,PF,34,TOR,47,754,14.7,0.588,0.168,0.141,9.4,14.5,11.8,12.9,3.5,0.7,16.2,13.2,0.9,1,1.8,0.116,-1.5,1.9,0.4,0.4,youngth01
505,Trae Young,PG,24,ATL,52,1841,21.9,0.568,0.338,0.444,2.2,6.8,4.5,43.1,1.4,0.4,15,33,3.5,1.1,4.6,0.121,5.2,-1.9,3.3,2.4,youngtr01
506,Ivica Zubac,C,25,LAC,59,1734,15.8,0.648,0.005,0.477,12.7,25.7,19.2,5.1,0.7,4,17.9,14.3,2.6,2.4,5,0.138,-1.6,0.1,-1.5,0.2,zubaciv01
